CLOSE_DEF_PERSON_ID,PLAYER_NAME,PLAYER_LAST_TEAM_ID,PLAYER_LAST_TEAM_ABBREVIATION,PLAYER_POSITION,AGE,GP,G,FREQ,FG2M,FG2A,FG2_PCT,NS_FG2_PCT,PLUSMINUS
203999,Nikola Jokić,1610612743,DEN,C,30.0,70,70,0.737,8.2,15.09,0.544,0.56,-0.017
201572,Brook Lopez,1610612749,MIL,C,37.0,80,80,0.708,6.88,13.49,0.51,0.555,-0.045
1627826,Ivica Zubac,1610612746,LAC,C,28.0,80,80,0.727,6.59,13.28,0.496,0.553,-0.057
202696,Nikola Vučević,1610612741,CHI,C,34.0,73,73,0.731,7.1,13.08,0.542,0.557,-0.015
203497,Rudy Gobert,1610612750,MIN,C,33.0,72,72,0.733,6.64,13.04,0.509,0.552,-0.043
1630600,Isaiah Mobley,1610612755,PHI,F,25.0,1,1,0.765,8.0,13.0,0.615,0.569,0.047
1627734,Domantas Sabonis,1610612758,SAC,F-C,29.0,70,70,0.758,6.89,12.9,0.534,0.557,-0.023
1642259,Alex Sarr,1610612764,WAS,C,20.0,67,67,0.727,7.42,12.85,0.577,0.563,0.014
1631117,Walker Kessler,1610612762,UTA,C,23.0,58,58,0.645,6.21,12.72,0.488,0.556,-0.069
1630578,Alperen Sengun,1610612745,HOU,C,22.0,76,75,0.713,6.55,12.7,0.516,0.556,-0.04
1641705,Victor Wembanyama,1610612759,SAS,F-C,21.0,46,46,0.678,5.87,12.5,0.47,0.556,-0.086
1630596,Evan Mobley,1610612739,CLE,C,24.0,71,71,0.704,5.93,12.08,0.491,0.546,-0.056
1626157,Karl-Anthony Towns,1610612752,NYK,C-F,29.0,71,71,0.714,6.7,12.01,0.558,0.554,0.004
1627751,Jakob Poeltl,1610612761,TOR,C,29.0,57,57,0.714,5.93,11.4,0.52,0.561,-0.041
1626167,Myles Turner,1610612754,IND,C-F,29.0,72,72,0.749,5.89,11.17,0.527,0.556,-0.029
1628386,Jarrett Allen,1610612739,CLE,C,27.0,81,81,0.736,5.62,10.98,0.512,0.553,-0.042
1631109,Mark Williams,1610612766,CHA,C,23.0,44,44,0.616,6.23,10.93,0.57,0.566,0.004
203076,Anthony Davis,1610612742,DAL,F-C,32.0,51,51,0.654,5.18,10.86,0.477,0.559,-0.082
1641726,Dereck Lively II,1610612742,DAL,C,21.0,36,35,0.701,5.14,10.47,0.491,0.555,-0.064
204001,Kristaps Porziņģis,1610612738,BOS,F-C,29.0,42,42,0.638,4.69,10.36,0.453,0.554,-0.102
1642274,Yves Missi,1610612740,NOP,C,21.0,73,73,0.695,5.99,10.36,0.578,0.559,0.019
1630208,Nick Richards,1610612756,PHX,C,27.0,57,57,0.718,5.51,10.3,0.535,0.557,-0.022
1629655,Daniel Gafford,1610612742,DAL,F-C,26.0,57,57,0.7,4.95,10.25,0.483,0.551,-0.068
1629684,Grant Williams,1610612766,CHA,F,26.0,16,16,0.648,5.69,10.25,0.555,0.557,-0.002
1628392,Isaiah Hartenstein,1610612760,OKC,C-F,27.0,57,57,0.685,5.16,10.23,0.504,0.554,-0.049
1631096,Chet Holmgren,1610612760,OKC,C-F,23.0,32,32,0.69,4.34,10.22,0.425,0.557,-0.132
1630559,Austin Reaves,1610612747,LAL,G,27.0,73,73,0.656,5.84,10.21,0.572,0.534,0.038
203954,Joel Embiid,1610612755,PHI,C-F,31.0,19,19,0.645,5.37,10.21,0.526,0.551,-0.026
1627750,Jamal Murray,1610612743,DEN,G,28.0,67,67,0.602,5.48,9.91,0.553,0.54,0.013
1630168,Onyeka Okongwu,1610612737,ATL,F-C,24.0,74,74,0.721,5.39,9.73,0.554,0.558,-0.004
1629028,Deandre Ayton,1610612757,POR,C,26.0,40,40,0.648,5.13,9.58,0.535,0.56,-0.024
1630700,Dyson Daniels,1610612737,ATL,G,22.0,76,76,0.627,5.18,9.43,0.55,0.541,0.008
1628404,Josh Hart,1610612752,NYK,G,30.0,76,76,0.61,5.28,9.43,0.559,0.544,0.015
1641744,Zach Edey,1610612763,MEM,C,23.0,65,65,0.696,4.82,9.35,0.515,0.553,-0.038
1629023,P.J. Washington,1610612742,DAL,F,26.0,57,57,0.662,5.11,9.25,0.552,0.544,0.008
1642270,Donovan Clingan,1610612757,POR,C,21.0,67,67,0.678,4.36,9.21,0.473,0.555,-0.082
1631105,Jalen Duren,1610612765,DET,C,21.0,78,78,0.678,5.14,9.19,0.559,0.559,0.0
1630552,Jalen Johnson,1610612737,ATL,F,23.0,36,36,0.627,4.67,9.03,0.517,0.546,-0.029
1642449,Tolu Smith,1610612765,DET,F,24.0,1,1,0.529,4.0,9.0,0.444,0.547,-0.102
1628389,Bam Adebayo,1610612748,MIA,C-F,27.0,78,78,0.685,4.73,8.99,0.526,0.56,-0.033
1630581,Josh Giddey,1610612741,CHI,G,22.0,70,70,0.636,4.99,8.94,0.558,0.539,0.018
1627783,Pascal Siakam,1610612754,IND,F,31.0,78,78,0.607,4.72,8.9,0.53,0.545,-0.015
1630567,Scottie Barnes,1610612761,TOR,F-G,23.0,65,65,0.661,4.57,8.89,0.514,0.547,-0.033
1630530,Trey Murphy III,1610612740,NOP,F,25.0,52,52,0.613,5.37,8.79,0.611,0.548,0.063
203110,Draymond Green,1610612744,GSW,F,35.0,68,67,0.606,4.26,8.76,0.487,0.548,-0.061
1628415,Dillon Brooks,1610612745,HOU,G-F,29.0,75,75,0.61,4.45,8.69,0.512,0.544,-0.032
1628401,Derrick White,1610612738,BOS,G,30.0,76,76,0.627,4.46,8.68,0.514,0.533,-0.019
1627749,Dejounte Murray,1610612740,NOP,G,28.0,31,31,0.654,4.9,8.55,0.574,0.547,0.026
1629029,Luka Dončić,1610612747,LAL,F-G,26.0,50,50,0.568,4.6,8.54,0.539,0.545,-0.006
1642276,Kel'el Ware,1610612748,MIA,C,21.0,63,62,0.734,4.62,8.48,0.545,0.559,-0.014
1631099,Keegan Murray,1610612758,SAC,F,24.0,76,76,0.615,4.14,8.47,0.489,0.541,-0.052
201143,Al Horford,1610612738,BOS,C-F,39.0,60,60,0.638,4.27,8.4,0.508,0.551,-0.043
203944,Julius Randle,1610612750,MIN,F-C,30.0,69,68,0.648,4.3,8.39,0.513,0.552,-0.039
1629651,Nic Claxton,1610612751,BKN,C,26.0,70,70,0.697,4.54,8.37,0.543,0.561,-0.018
1628969,Mikal Bridges,1610612752,NYK,G-F,28.0,80,80,0.64,4.44,8.33,0.533,0.531,0.002
1630166,Deni Avdija,1610612757,POR,F,24.0,72,72,0.657,4.57,8.33,0.548,0.547,0.001
1642273,Kyshawn George,1610612764,WAS,F,21.0,67,67,0.602,4.04,8.33,0.486,0.545,-0.059
1630183,Jaden McDaniels,1610612750,MIN,F,24.0,82,82,0.611,4.32,8.3,0.52,0.537,-0.017
1631110,Jeremy Sochan,1610612759,SAS,F,22.0,54,53,0.671,4.33,8.26,0.525,0.539,-0.014
1628976,Wendell Carter Jr.,1610612753,ORL,C-F,26.0,68,68,0.74,4.07,8.24,0.495,0.554,-0.06
1641739,Toumani Camara,1610612757,POR,F,25.0,78,78,0.634,4.65,8.23,0.565,0.547,0.018
1628991,Jaren Jackson Jr.,1610612763,MEM,F-C,25.0,73,73,0.629,3.84,8.19,0.468,0.551,-0.083
1630595,Cade Cunningham,1610612765,DET,G,23.0,70,70,0.551,4.06,8.17,0.497,0.544,-0.047
1627832,Fred VanVleet,1610612745,HOU,G,31.0,60,60,0.677,4.3,8.15,0.528,0.533,-0.006
1631166,Drew Timme,1610612751,BKN,F,24.0,9,9,0.635,4.56,8.11,0.562,0.551,0.01
1626171,Bobby Portis,1610612749,MIL,F,30.0,49,49,0.633,4.16,8.06,0.516,0.549,-0.033
1628436,Luke Kornet,1610612738,BOS,C-F,29.0,71,71,0.678,3.87,8.04,0.482,0.542,-0.06
1641707,Taylor Hendricks,1610612762,UTA,F,21.0,3,3,0.667,4.0,8.0,0.5,0.574,-0.074
201935,James Harden,1610612746,LAC,G,35.0,79,79,0.608,4.38,7.96,0.55,0.543,0.007
203994,Jusuf Nurkić,1610612766,CHA,C,30.0,51,51,0.703,4.02,7.94,0.506,0.559,-0.053
1626162,Kelly Oubre Jr.,1610612755,PHI,F-G,29.0,60,60,0.585,4.5,7.87,0.572,0.549,0.023
1630191,Isaiah Stewart,1610612765,DET,F-C,24.0,72,72,0.709,3.65,7.86,0.465,0.556,-0.092
1627824,Guerschon Yabusele,1610612755,PHI,F,29.0,70,69,0.692,4.51,7.84,0.576,0.554,0.022
203486,Mason Plumlee,1610612756,PHX,F-C,35.0,74,74,0.769,4.22,7.8,0.541,0.56,-0.019
1631094,Paolo Banchero,1610612753,ORL,F,22.0,46,46,0.587,4.07,7.74,0.525,0.551,-0.025
1631108,Max Christie,1610612742,DAL,G,22.0,77,77,0.68,4.26,7.71,0.552,0.538,0.014
1629639,Tyler Herro,1610612748,MIA,G,25.0,77,77,0.64,4.19,7.69,0.546,0.533,0.013
202685,Jonas Valančiūnas,1610612758,SAC,C,33.0,81,81,0.707,4.33,7.69,0.563,0.568,-0.004
1628384,OG Anunoby,1610612752,NYK,F-G,27.0,73,73,0.556,3.92,7.64,0.513,0.543,-0.03
203952,Andrew Wiggins,1610612748,MIA,F,30.0,60,60,0.589,3.93,7.63,0.515,0.539,-0.024
1629675,Naz Reid,1610612750,MIN,C-F,25.0,80,80,0.647,3.98,7.61,0.522,0.551,-0.028
1629048,Goga Bitadze,1610612753,ORL,C-F,25.0,69,67,0.689,3.9,7.57,0.515,0.553,-0.038
1630169,Tyrese Haliburton,1610612754,IND,G,25.0,73,73,0.632,3.96,7.52,0.526,0.529,-0.002
1628368,De'Aaron Fox,1610612759,SAS,G,27.0,62,62,0.504,4.23,7.5,0.563,0.537,0.026
1627827,Dorian Finney-Smith,1610612747,LAL,F,32.0,63,63,0.661,3.87,7.49,0.517,0.547,-0.03
1641706,Brandon Miller,1610612766,CHA,F,22.0,27,27,0.595,3.78,7.44,0.507,0.549,-0.041
1642271,Kyle Filipowski,1610612762,UTA,C,21.0,72,71,0.67,4.46,7.44,0.599,0.552,0.047
203078,Bradley Beal,1610612756,PHX,G,32.0,53,53,0.554,4.21,7.43,0.566,0.535,0.031
1629014,Anfernee Simons,1610612757,POR,G,26.0,70,70,0.638,4.3,7.41,0.58,0.54,0.04
201950,Jrue Holiday,1610612738,BOS,G,35.0,62,62,0.606,3.81,7.4,0.514,0.541,-0.027
1630560,Cam Thomas,1610612751,BKN,G,23.0,25,24,0.639,4.32,7.36,0.587,0.556,0.031
202699,Tobias Harris,1610612765,DET,F,32.0,73,73,0.618,3.84,7.36,0.521,0.546,-0.024
1630178,Tyrese Maxey,1610612755,PHI,G,24.0,52,52,0.61,3.75,7.35,0.51,0.532,-0.022
1626164,Devin Booker,1610612756,PHX,G,28.0,75,75,0.596,4.01,7.31,0.549,0.543,0.006
1630224,Jalen Green,1610612745,HOU,G,23.0,82,82,0.648,3.8,7.3,0.521,0.534,-0.013
1628970,Miles Bridges,1610612766,CHA,F,27.0,64,64,0.572,3.78,7.3,0.518,0.551,-0.033
1631128,Christian Braun,1610612743,DEN,G,24.0,79,79,0.582,3.72,7.29,0.51,0.534,-0.024
1628983,Shai Gilgeous-Alexander,1610612760,OKC,G,26.0,76,76,0.581,3.71,7.25,0.512,0.545,-0.033
1628997,Caleb Martin,1610612742,DAL,F,29.0,45,45,0.612,4.09,7.24,0.564,0.531,0.033
1630583,Santi Aldama,1610612763,MEM,F-C,24.0,64,63,0.64,3.84,7.23,0.531,0.549,-0.018
1628973,Jalen Brunson,1610612752,NYK,G,28.0,64,64,0.591,4.16,7.22,0.576,0.532,0.044
203932,Aaron Gordon,1610612743,DEN,F,29.0,51,51,0.636,4.14,7.22,0.573,0.55,0.023
1629008,Michael Porter Jr.,1610612743,DEN,F,27.0,77,77,0.651,3.91,7.21,0.542,0.546,-0.004
1631095,Jabari Smith Jr.,1610612745,HOU,F,22.0,57,57,0.659,3.75,7.19,0.522,0.537,-0.015
1626156,D'Angelo Russell,1610612751,BKN,G,29.0,58,58,0.649,3.98,7.17,0.555,0.538,0.018
1629628,RJ Barrett,1610612761,TOR,F-G,25.0,58,58,0.584,3.98,7.16,0.557,0.541,0.015
202331,Paul George,1610612755,PHI,F,35.0,41,41,0.598,3.71,7.1,0.522,0.546,-0.024
1631212,Peyton Watson,1610612743,DEN,G,22.0,68,68,0.643,3.49,7.07,0.493,0.542,-0.049
1629614,Andrew Nembhard,1610612754,IND,G-F,25.0,65,65,0.591,3.78,7.05,0.537,0.531,0.006
1629632,Coby White,1610612741,CHI,G,25.0,74,74,0.6,4.08,7.04,0.58,0.53,0.05
1642272,Jared McCain,1610612755,PHI,G,21.0,23,23,0.645,4.3,7.04,0.611,0.534,0.077
1641718,Keyonte George,1610612762,UTA,G,21.0,67,66,0.57,4.46,7.01,0.636,0.544,0.092
1642024,Alex Reese,1610612755,PHI,F-C,26.0,15,14,0.669,3.87,7.0,0.552,0.541,0.012
1631097,Bennedict Mathurin,1610612754,IND,G-F,23.0,72,72,0.625,4.14,7.0,0.591,0.534,0.057
203468,CJ McCollum,1610612740,NOP,G,33.0,56,56,0.545,3.91,6.98,0.56,0.541,0.019
1631165,Keon Ellis,1610612758,SAC,G,25.0,79,78,0.62,3.96,6.95,0.57,0.536,0.034
1628374,Lauri Markkanen,1610612762,UTA,F-C,28.0,47,47,0.625,3.66,6.94,0.528,0.547,-0.02
202687,Bismack Biyombo,1610612759,SAS,C,32.0,27,27,0.779,3.52,6.93,0.508,0.569,-0.06
1641731,Bilal Coulibaly,1610612764,WAS,G,20.0,59,58,0.616,3.63,6.92,0.525,0.54,-0.015
1629622,Max Strus,1610612739,CLE,G-F,29.0,50,50,0.613,3.9,6.9,0.565,0.542,0.023
203991,Clint Capela,1610612737,ATL,C,31.0,55,55,0.716,3.47,6.89,0.504,0.558,-0.054
1630591,Jalen Suggs,1610612753,ORL,G,24.0,35,35,0.648,3.54,6.89,0.515,0.542,-0.027
203507,Giannis Antetokounmpo,1610612749,MIL,F,30.0,67,66,0.585,3.57,6.88,0.518,0.559,-0.041
1641774,Tristan Vukcevic,1610612764,WAS,F,22.0,31,30,0.705,3.87,6.87,0.563,0.541,0.022
1631255,Karlo Matković,1610612740,NOP,F-C,24.0,42,42,0.687,3.9,6.86,0.569,0.552,0.017
1629312,Haywood Highsmith,1610612748,MIA,F,28.0,74,73,0.592,3.64,6.85,0.531,0.532,-0.001
1628467,Maxi Kleber,1610612747,LAL,F,33.0,34,34,0.662,3.74,6.85,0.545,0.54,0.005
1642366,Quinten Post,1610612744,GSW,C,25.0,40,39,0.714,3.48,6.8,0.511,0.554,-0.043
202681,Kyrie Irving,1610612742,DAL,G,33.0,50,50,0.617,3.72,6.8,0.547,0.536,0.011
1642348,Justin Edwards,1610612755,PHI,F,21.0,44,43,0.611,3.77,6.8,0.555,0.538,0.017
1641730,Noah Clowney,1610612751,BKN,F-C,20.0,46,46,0.618,3.57,6.76,0.527,0.553,-0.026
1642258,Zaccharie Risacher,1610612737,ATL,F,20.0,75,75,0.611,3.69,6.73,0.549,0.54,0.009
1641737,Adem Bona,1610612755,PHI,F,22.0,51,51,0.7,3.33,6.73,0.496,0.556,-0.061
1631107,Nikola Jović,1610612748,MIA,F,22.0,46,46,0.583,3.5,6.72,0.521,0.541,-0.02
1630173,Precious Achiuwa,1610612752,NYK,F,25.0,56,55,0.69,3.5,6.71,0.521,0.554,-0.033
1631114,Jalen Williams,1610612760,OKC,G-F,24.0,69,69,0.684,3.12,6.71,0.464,0.544,-0.079
1630162,Anthony Edwards,1610612750,MIN,G,23.0,79,78,0.581,3.54,6.66,0.532,0.544,-0.012
1628381,John Collins,1610612762,UTA,F-C,27.0,40,40,0.573,3.88,6.65,0.583,0.562,0.021
203897,Zach LaVine,1610612758,SAC,G,30.0,74,74,0.508,3.77,6.64,0.568,0.541,0.027
1641708,Amen Thompson,1610612745,HOU,G-F,22.0,69,69,0.628,3.1,6.64,0.467,0.539,-0.071
1642264,Stephon Castle,1610612759,SAS,G,20.0,81,80,0.596,3.84,6.63,0.579,0.541,0.038
1630170,Devin Vassell,1610612759,SAS,G-F,24.0,64,63,0.653,3.58,6.63,0.54,0.546,-0.006
1629630,Ja Morant,1610612763,MEM,G,25.0,49,49,0.64,3.51,6.61,0.531,0.534,-0.004
1629661,Cameron Johnson,1610612751,BKN,F,29.0,57,57,0.592,3.63,6.61,0.549,0.552,-0.003
203924,Jerami Grant,1610612757,POR,F,31.0,47,47,0.633,3.21,6.6,0.487,0.54,-0.053
1630543,Isaiah Jackson,1610612754,IND,F,23.0,5,5,0.717,2.8,6.6,0.424,0.566,-0.142
1629638,Nickeil Alexander-Walker,1610612750,MIN,G,26.0,82,81,0.654,3.63,6.59,0.552,0.529,0.023
203471,Dennis Schröder,1610612765,DET,G,31.0,75,74,0.638,3.59,6.59,0.545,0.535,0.01
1631115,Orlando Robinson,1610612761,TOR,C,24.0,43,40,0.64,3.63,6.58,0.551,0.549,0.003
1629637,Jaxson Hayes,1610612747,LAL,C-F,25.0,56,55,0.686,3.0,6.55,0.458,0.551,-0.093
1628989,Kevin Huerter,1610612741,CHI,G-F,26.0,69,68,0.633,3.28,6.54,0.501,0.538,-0.037
1630245,Ayo Dosunmu,1610612741,CHI,G,25.0,46,45,0.621,3.76,6.52,0.577,0.53,0.047
1629643,Chuma Okeke,1610612739,CLE,F,26.0,8,8,0.605,4.13,6.5,0.635,0.537,0.098
1630529,Herbert Jones,1610612740,NOP,F,26.0,20,20,0.551,3.65,6.5,0.562,0.528,0.034
1630551,Justin Champagnie,1610612764,WAS,G-F,24.0,58,54,0.611,3.17,6.5,0.488,0.542,-0.053
1629060,Rui Hachimura,1610612747,LAL,F,27.0,59,59,0.563,3.54,6.49,0.546,0.549,-0.003
1641764,Brandin Podziemski,1610612744,GSW,G,22.0,63,63,0.662,3.65,6.48,0.564,0.533,0.031
1628398,Kyle Kuzma,1610612749,MIL,F,29.0,65,64,0.601,3.51,6.48,0.542,0.545,-0.003
1629027,Trae Young,1610612737,ATL,G,26.0,76,76,0.546,3.78,6.47,0.583,0.53,0.054
1629636,Darius Garland,1610612739,CLE,G,25.0,75,75,0.6,3.44,6.47,0.532,0.533,-0.001
203081,Damian Lillard,1610612749,MIL,G,34.0,58,58,0.53,3.59,6.47,0.555,0.537,0.018
1630577,Julian Champagnie,1610612759,SAS,F,24.0,82,82,0.605,3.57,6.46,0.553,0.538,0.015
203482,Kelly Olynyk,1610612740,NOP,F-C,34.0,44,43,0.617,3.57,6.45,0.553,0.55,0.002
1627759,Jaylen Brown,1610612738,BOS,G-F,28.0,63,63,0.551,3.78,6.44,0.586,0.549,0.037
1628380,Zach Collins,1610612741,CHI,F-C,27.0,63,61,0.687,3.17,6.44,0.493,0.553,-0.061
1630542,Marcus Bagley,1610612755,PHI,F,23.0,10,10,0.634,3.0,6.4,0.469,0.555,-0.086
1631260,AJ Green,1610612749,MIL,G,25.0,72,70,0.613,3.35,6.38,0.525,0.533,-0.008
203083,Andre Drummond,1610612755,PHI,C,31.0,39,38,0.639,3.77,6.36,0.593,0.557,0.035
201142,Kevin Durant,1610612756,PHX,F,36.0,62,62,0.513,2.95,6.35,0.464,0.545,-0.08
1641717,Cason Wallace,1610612760,OKC,G,21.0,68,68,0.535,3.34,6.35,0.525,0.535,-0.009
1631093,Jaden Ivey,1610612765,DET,G,23.0,30,30,0.594,3.47,6.33,0.547,0.537,0.011
1628370,Malik Monk,1610612758,SAC,G,27.0,65,65,0.578,3.26,6.31,0.517,0.535,-0.018
1631101,Shaedon Sharpe,1610612757,POR,G,22.0,72,72,0.632,3.51,6.29,0.558,0.542,0.016
1642377,Jaylen Wells,1610612763,MEM,F,21.0,78,76,0.636,3.19,6.28,0.508,0.534,-0.026
1630703,Scoot Henderson,1610612757,POR,G,21.0,66,66,0.618,3.68,6.27,0.587,0.541,0.046
1630556,Kessler Edwards,1610612742,DAL,F,24.0,34,31,0.705,3.35,6.26,0.535,0.547,-0.011
1642367,Jonathan Mogbo,1610612761,TOR,F,23.0,62,60,0.653,3.47,6.26,0.554,0.54,0.014
1641711,Gradey Dick,1610612761,TOR,G-F,21.0,54,54,0.592,3.59,6.24,0.576,0.547,0.029
1630540,Miles McBride,1610612752,NYK,G,24.0,63,63,0.628,3.06,6.24,0.491,0.528,-0.037
1630598,Aaron Wiggins,1610612760,OKC,G,26.0,76,75,0.597,3.51,6.24,0.563,0.536,0.027
1627741,Buddy Hield,1610612744,GSW,G,32.0,82,81,0.651,3.41,6.24,0.547,0.538,0.009
201942,DeMar DeRozan,1610612758,SAC,G-F,35.0,77,77,0.567,3.62,6.23,0.581,0.551,0.03
1631119,Jaylin Williams,1610612760,OKC,F,23.0,47,47,0.648,3.09,6.23,0.495,0.548,-0.054
1626158,Richaun Holmes,1610612764,WAS,F,31.0,30,30,0.722,2.97,6.23,0.476,0.553,-0.077
1630217,Desmond Bane,1610612753,ORL,G,27.0,68,68,0.597,3.01,6.22,0.485,0.537,-0.053
203084,Harrison Barnes,1610612759,SAS,F,33.0,82,80,0.592,3.65,6.15,0.593,0.55,0.043
1630230,Naji Marshall,1610612742,DAL,F,27.0,69,69,0.602,3.41,6.13,0.556,0.541,0.015
1629656,Quentin Grimes,1610612755,PHI,G,25.0,75,75,0.635,3.29,6.12,0.538,0.539,-0.001
1630174,Aaron Nesmith,1610612754,IND,G-F,25.0,45,45,0.625,3.0,6.11,0.491,0.532,-0.041
1641722,Jordan Hawkins,1610612740,NOP,G,23.0,55,53,0.587,3.47,6.11,0.568,0.54,0.028
1626220,Royce O'Neale,1610612756,PHX,F,32.0,75,75,0.628,3.25,6.08,0.535,0.542,-0.007
1631131,Oscar Tshiebwe,1610612762,UTA,F-C,25.0,14,14,0.574,3.64,6.07,0.6,0.565,0.035
1630534,Ochai Agbaji,1610612761,TOR,G,25.0,64,64,0.575,3.28,6.06,0.541,0.538,0.003
1642354,KJ Simpson,1610612766,CHA,G,22.0,36,35,0.651,3.58,6.06,0.592,0.536,0.056
1630553,Keon Johnson,1610612751,BKN,G,23.0,78,77,0.627,3.56,6.06,0.588,0.537,0.051
202710,Jimmy Butler III,1610612744,GSW,F,35.0,55,55,0.555,3.4,6.04,0.563,0.539,0.024
1641824,Matas Buzelis,1610612741,CHI,F,20.0,77,73,0.645,3.09,6.04,0.512,0.543,-0.031
1631217,Moussa Diabaté,1610612766,CHA,F,23.0,68,66,0.635,3.35,6.03,0.556,0.554,0.002
1629731,Dean Wade,1610612739,CLE,F-C,28.0,59,57,0.711,3.02,6.02,0.501,0.544,-0.042
1641878,Damion Baugh,1610612766,CHA,G,24.0,15,15,0.526,3.87,6.0,0.644,0.552,0.092
1627747,Caris LeVert,1610612737,ATL,G,30.0,64,64,0.591,3.03,6.0,0.505,0.536,-0.03
203915,Spencer Dinwiddie,1610612742,DAL,G,32.0,78,78,0.614,3.1,6.0,0.517,0.537,-0.02
1630165,Killian Hayes,1610612751,BKN,G,23.0,6,6,0.667,3.67,6.0,0.611,0.554,0.057
1628369,Jayson Tatum,1610612738,BOS,F-G,27.0,72,72,0.604,3.36,5.96,0.564,0.554,0.01
1630172,Patrick Williams,1610612741,CHI,F,23.0,63,63,0.607,3.59,5.95,0.603,0.55,0.053
1627742,Brandon Ingram,1610612761,TOR,F,27.0,18,18,0.598,3.17,5.94,0.533,0.544,-0.012
1629674,Neemias Queta,1610612738,BOS,C,25.0,58,54,0.692,2.98,5.93,0.503,0.541,-0.038
1642345,Oso Ighodaro,1610612756,PHX,F,22.0,57,57,0.672,3.04,5.93,0.512,0.545,-0.033
1626172,Kevon Looney,1610612744,GSW,F,29.0,76,75,0.7,2.75,5.93,0.463,0.547,-0.084
1642358,AJ Johnson,1610612764,WAS,G,20.0,26,26,0.592,3.27,5.92,0.552,0.531,0.021
1630549,Day'Ron Sharpe,1610612751,BKN,C,23.0,50,49,0.714,3.1,5.9,0.525,0.55,-0.025
1627752,Taurean Prince,1610612749,MIL,F,31.0,80,80,0.628,3.28,5.88,0.557,0.54,0.017
1630532,Franz Wagner,1610612753,ORL,F,23.0,60,60,0.574,3.28,5.88,0.558,0.542,0.016
2544,LeBron James,1610612747,LAL,F,40.0,70,69,0.53,3.14,5.87,0.535,0.547,-0.011
1642267,Bub Carrington,1610612764,WAS,G,19.0,82,81,0.577,3.32,5.87,0.565,0.537,0.028
1629669,Jaylen Nowell,1610612764,WAS,G,25.0,7,7,0.719,3.57,5.86,0.61,0.541,0.068
1630533,Ziaire Williams,1610612751,BKN,F,23.0,63,63,0.585,3.37,5.84,0.576,0.537,0.039
1627777,Georges Niang,1610612737,ATL,F,32.0,79,79,0.634,3.16,5.81,0.545,0.546,-0.001
1631218,Trayce Jackson-Davis,1610612744,GSW,F,25.0,59,55,0.721,3.08,5.81,0.531,0.551,-0.02
1631106,Tari Eason,1610612745,HOU,F,24.0,57,57,0.606,2.95,5.79,0.509,0.551,-0.042
1629631,De'Andre Hunter,1610612739,CLE,F-G,27.0,64,64,0.582,3.02,5.78,0.522,0.548,-0.026
1626204,Larry Nance Jr.,1610612737,ATL,F-C,32.0,23,22,0.616,3.3,5.78,0.571,0.548,0.023
1629640,Keldon Johnson,1610612759,SAS,F-G,25.0,77,77,0.652,3.21,5.78,0.555,0.551,0.004
1629021,Moritz Wagner,1610612753,ORL,F-C,28.0,29,28,0.708,3.41,5.76,0.593,0.553,0.04
1630558,Davion Mitchell,1610612748,MIA,G,26.0,73,73,0.561,3.01,5.75,0.524,0.538,-0.014
1630202,Payton Pritchard,1610612738,BOS,G,27.0,80,79,0.62,3.01,5.74,0.525,0.533,-0.008
1630182,Josh Green,1610612766,CHA,G,24.0,68,67,0.595,3.22,5.74,0.562,0.536,0.025
1641787,Tosan Evbuomwan,1610612751,BKN,F,24.0,28,27,0.656,2.89,5.71,0.506,0.54,-0.034
203992,Bogdan Bogdanović,1610612746,LAC,G,32.0,54,52,0.561,3.04,5.7,0.532,0.542,-0.009
1630658,Colin Castleton,1610612761,TOR,C,25.0,23,21,0.606,2.87,5.7,0.504,0.54,-0.036
1641710,Anthony Black,1610612753,ORL,G,21.0,78,78,0.622,3.08,5.69,0.541,0.535,0.006
1629650,Moses Brown,1610612742,DAL,C,25.0,11,10,0.795,3.0,5.64,0.532,0.547,-0.014
101108,Chris Paul,1610612759,SAS,G,40.0,82,81,0.554,3.17,5.63,0.563,0.544,0.018
1631232,Keion Brooks Jr.,1610612740,NOP,F,24.0,13,11,0.562,3.38,5.62,0.603,0.538,0.065
1630527,Brandon Boston,1610612740,NOP,G,23.0,42,42,0.625,3.38,5.6,0.604,0.535,0.069
1630193,Immanuel Quickley,1610612761,TOR,G,26.0,33,33,0.601,3.03,5.58,0.543,0.533,0.011
1629022,Lonnie Walker IV,1610612755,PHI,G-F,26.0,18,18,0.606,3.61,5.56,0.65,0.547,0.103
1629011,Mitchell Robinson,1610612752,NYK,C-F,27.0,16,16,0.695,3.06,5.56,0.551,0.569,-0.019
203501,Tim Hardaway Jr.,1610612765,DET,G-F,33.0,76,74,0.566,3.09,5.55,0.557,0.542,0.015
1629057,Robert Williams III,1610612757,POR,C-F,27.0,20,20,0.657,2.25,5.55,0.405,0.533,-0.128
1630695,Micah Potter,1610612762,UTA,C,27.0,38,37,0.577,2.92,5.55,0.526,0.553,-0.027
1627763,Malcolm Brogdon,1610612764,WAS,G,32.0,24,24,0.619,3.13,5.54,0.564,0.529,0.035
202695,Kawhi Leonard,1610612746,LAC,F,34.0,37,37,0.548,3.0,5.54,0.541,0.549,-0.007
1642266,Ja'Kobe Walter,1610612761,TOR,G,20.0,52,52,0.656,3.17,5.54,0.573,0.535,0.038
1627936,Alex Caruso,1610612760,OKC,G,31.0,54,53,0.616,2.48,5.52,0.45,0.541,-0.091
1628998,Cody Martin,1610612756,PHX,F,29.0,53,52,0.602,3.09,5.51,0.562,0.546,0.016
1630585,Marcus Garrett,1610612766,CHA,G,26.0,4,4,0.667,1.75,5.5,0.318,0.551,-0.233
203903,Jordan Clarkson,1610612762,UTA,G,33.0,37,37,0.617,3.19,5.49,0.581,0.551,0.03
1630643,Jay Huff,1610612763,MEM,C,27.0,60,60,0.688,2.75,5.48,0.502,0.557,-0.056
203500,Steven Adams,1610612745,HOU,C,31.0,56,54,0.701,2.86,5.48,0.521,0.558,-0.037
1630163,LaMelo Ball,1610612766,CHA,G,23.0,47,47,0.562,3.15,5.47,0.576,0.535,0.041
1626179,Terry Rozier,1610612748,MIA,G,31.0,63,62,0.577,2.94,5.46,0.538,0.532,0.006
1626168,Trey Lyles,1610612758,SAC,F,29.0,68,67,0.601,3.24,5.46,0.593,0.552,0.041
1630188,Jalen Smith,1610612741,CHI,F-C,25.0,63,63,0.704,2.71,5.44,0.499,0.55,-0.051
1629652,Luguentz Dort,1610612760,OKC,G,26.0,71,71,0.515,2.77,5.44,0.51,0.542,-0.031
202691,Klay Thompson,1610612742,DAL,G,35.0,72,70,0.624,2.81,5.44,0.515,0.541,-0.026
203484,Kentavious Caldwell-Pope,1610612763,MEM,G,32.0,77,76,0.631,2.97,5.44,0.547,0.535,0.012
1628418,Thomas Bryant,1610612754,IND,C-F,27.0,65,64,0.786,2.94,5.43,0.541,0.558,-0.017
203967,Dario Saric,1610612743,DEN,F-C,31.0,14,14,0.676,3.29,5.36,0.613,0.544,0.069
1641720,Jalen Hood-Schifino,1610612755,PHI,G,22.0,15,15,0.672,2.8,5.33,0.525,0.532,-0.007
1630544,Tre Mann,1610612766,CHA,G,24.0,13,13,0.58,2.69,5.31,0.507,0.531,-0.023
1629634,Brandon Clarke,1610612763,MEM,F,28.0,63,63,0.616,2.49,5.3,0.47,0.542,-0.072
201939,Stephen Curry,1610612744,GSW,G,37.0,70,70,0.563,2.66,5.3,0.501,0.542,-0.04
1630570,Trendon Watford,1610612751,BKN,G-F,24.0,43,43,0.612,2.81,5.28,0.533,0.549,-0.015
203939,Dwight Powell,1610612742,DAL,F-C,33.0,46,45,0.725,2.85,5.28,0.539,0.551,-0.012
1631222,Jake LaRavia,1610612758,SAC,F,23.0,66,65,0.608,3.06,5.26,0.582,0.535,0.047
1630590,Scotty Pippen Jr.,1610612763,MEM,G,24.0,77,77,0.575,2.73,5.26,0.519,0.528,-0.009
1628366,Lonzo Ball,1610612741,CHI,G,27.0,35,35,0.573,2.89,5.26,0.549,0.537,0.011
1628960,Grayson Allen,1610612756,PHX,G,29.0,64,62,0.602,2.91,5.25,0.554,0.534,0.019
1641709,Ausar Thompson,1610612765,DET,G-F,22.0,59,58,0.565,2.56,5.2,0.492,0.543,-0.051
1642346,Ryan Dunn,1610612756,PHX,F,22.0,72,68,0.579,2.68,5.19,0.516,0.541,-0.025
1631197,Jared Rhoden,1610612761,TOR,G,25.0,11,10,0.606,3.55,5.18,0.684,0.535,0.149
1628464,Daniel Theis,1610612740,NOP,F-C,33.0,38,37,0.696,2.87,5.18,0.553,0.551,0.002
1630283,Kylor Kelley,1610612747,LAL,C,27.0,11,11,0.57,3.0,5.18,0.579,0.581,-0.002
1627884,Derrick Jones Jr.,1610612746,LAC,F,28.0,77,77,0.604,2.86,5.17,0.553,0.54,0.013
201144,Mike Conley,1610612750,MIN,G,37.0,71,71,0.602,2.89,5.17,0.559,0.539,0.019
1630592,Jalen Wilson,1610612751,BKN,F,24.0,79,79,0.61,2.95,5.16,0.571,0.545,0.026
1628978,Donte DiVincenzo,1610612750,MIN,G,28.0,62,61,0.593,2.71,5.15,0.527,0.537,-0.01
1631170,Jaime Jaquez Jr.,1610612748,MIA,G,24.0,65,63,0.521,2.55,5.15,0.496,0.544,-0.048
1630573,Sam Hauser,1610612738,BOS,F,27.0,70,69,0.662,2.93,5.14,0.569,0.531,0.039
1630249,Vít Krejčí,1610612737,ATL,G,25.0,55,52,0.629,2.69,5.11,0.527,0.527,0.0
1642268,Isaiah Collier,1610612762,UTA,G,20.0,71,70,0.506,3.18,5.11,0.623,0.538,0.084
1629111,Jock Landale,1610612745,HOU,C,29.0,40,39,0.731,2.85,5.1,0.559,0.547,0.012
1630557,Corey Kispert,1610612764,WAS,F,26.0,61,61,0.587,2.67,5.08,0.526,0.54,-0.014
1630548,Johnny Juzang,1610612762,UTA,G,24.0,64,64,0.589,2.95,5.08,0.582,0.548,0.034
1627739,Kris Dunn,1610612746,LAC,G,31.0,74,74,0.555,2.47,5.05,0.489,0.535,-0.046
1631213,Tyrese Martin,1610612751,BKN,F,26.0,57,56,0.593,2.89,5.05,0.573,0.544,0.029
1629645,Kevin Porter Jr.,1610612749,MIL,G-F,25.0,75,74,0.585,2.84,5.05,0.562,0.539,0.023
1642262,Cody Williams,1610612762,UTA,F,20.0,50,49,0.569,2.68,5.04,0.532,0.535,-0.003
1627732,Ben Simmons,1610612746,LAC,G-F,28.0,51,50,0.619,2.65,5.04,0.525,0.551,-0.025
1626145,Tyus Jones,1610612756,PHX,G,29.0,81,80,0.581,2.96,5.01,0.591,0.528,0.063
1630201,Malachi Flynn,1610612759,SAS,G,27.0,3,3,0.714,2.67,5.0,0.533,0.515,0.018
1642368,N'Faly Dante,1610612745,HOU,C,23.0,4,4,0.625,2.5,5.0,0.5,0.559,-0.059
1630696,Dru Smith,1610612748,MIA,G,27.0,14,14,0.588,2.43,5.0,0.486,0.529,-0.044
1630164,James Wiseman,1610612754,IND,C,24.0,1,1,0.833,4.0,5.0,0.8,0.538,0.262
1628378,Donovan Mitchell,1610612739,CLE,G,28.0,71,71,0.563,2.51,4.99,0.503,0.543,-0.04
1641783,Tristan da Silva,1610612753,ORL,F,24.0,74,72,0.68,2.42,4.99,0.485,0.543,-0.058
1627736,Malik Beasley,1610612765,DET,G,28.0,82,82,0.591,2.73,4.98,0.549,0.535,0.014
1628964,Mo Bamba,1610612740,NOP,C,27.0,32,31,0.671,2.34,4.97,0.472,0.544,-0.073
1629627,Zion Williamson,1610612740,NOP,F,24.0,30,30,0.487,2.63,4.93,0.534,0.539,-0.005
1629018,Gary Trent Jr.,1610612749,MIL,G,26.0,73,70,0.597,2.89,4.93,0.586,0.531,0.056
1629234,Drew Eubanks,1610612746,LAC,F-C,28.0,60,57,0.687,2.58,4.9,0.527,0.554,-0.026
1628379,Luke Kennard,1610612763,MEM,G,29.0,64,64,0.617,2.5,4.89,0.511,0.535,-0.024
1630541,Moses Moody,1610612744,GSW,G,23.0,74,69,0.596,2.62,4.89,0.536,0.536,0.0
1630539,Kai Jones,1610612742,DAL,C-F,24.0,36,35,0.713,2.47,4.89,0.506,0.554,-0.048
1629673,Jordan Poole,1610612764,WAS,G,26.0,68,67,0.527,2.94,4.88,0.602,0.543,0.059
1629646,Charles Bassey,1610612759,SAS,C-F,24.0,31,28,0.621,2.74,4.87,0.563,0.555,0.008
1642275,Tidjane Salaün,1610612766,CHA,F,19.0,59,59,0.591,2.66,4.86,0.547,0.54,0.007
203957,Dante Exum,1610612742,DAL,G,29.0,20,19,0.683,2.8,4.85,0.577,0.537,0.041
1641798,Jaylen Martin,1610612764,WAS,G,21.0,13,12,0.649,2.85,4.85,0.587,0.524,0.063
1630526,Jeremiah Robinson-Earl,1610612740,NOP,F,24.0,65,62,0.571,2.68,4.83,0.554,0.547,0.008
1629052,Oshae Brissett,1610612755,PHI,F-G,27.0,6,6,0.492,3.33,4.83,0.69,0.53,0.16
1630314,Brandon Williams,1610612742,DAL,G,25.0,28,26,0.689,2.82,4.82,0.585,0.539,0.046
1629130,Duncan Robinson,1610612748,MIA,F,31.0,74,72,0.615,2.77,4.81,0.576,0.538,0.038
1631250,Pete Nance,1610612749,MIL,F,25.0,10,10,0.632,3.1,4.8,0.646,0.564,0.081
1628971,Bruce Brown,1610612740,NOP,G-F,28.0,41,39,0.587,2.76,4.78,0.577,0.542,0.034
1629216,Gabe Vincent,1610612747,LAL,G,29.0,72,72,0.576,2.49,4.76,0.522,0.535,-0.013
1630692,Jordan Goodwin,1610612747,LAL,G,26.0,28,27,0.633,2.89,4.75,0.609,0.551,0.058
1641733,Nick Smith Jr.,1610612766,CHA,G,21.0,57,55,0.596,2.86,4.74,0.604,0.535,0.068
1629001,De'Anthony Melton,1610612751,BKN,G,27.0,6,6,0.667,2.17,4.67,0.464,0.525,-0.061
1631230,Dominick Barlow,1610612737,ATL,F,22.0,33,32,0.72,2.36,4.61,0.513,0.534,-0.021
1629611,Terance Mann,1610612737,ATL,G-F,28.0,67,64,0.612,2.46,4.58,0.537,0.538,0.0
1630192,Zeke Nnaji,1610612743,DEN,F-C,24.0,49,48,0.656,2.12,4.55,0.466,0.538,-0.071
1630175,Cole Anthony,1610612763,MEM,G,25.0,67,62,0.644,2.31,4.54,0.51,0.535,-0.025
1629750,Javonte Green,1610612739,CLE,G,31.0,67,64,0.582,2.34,4.54,0.516,0.545,-0.028
1630639,A.J. Lawson,1610612761,TOR,G,24.0,24,23,0.665,2.42,4.54,0.532,0.527,0.005
1630241,Sam Merrill,1610612739,CLE,G,29.0,71,69,0.599,2.17,4.54,0.478,0.526,-0.047
1631246,Vince Williams Jr.,1610612763,MEM,G,24.0,26,26,0.645,2.73,4.54,0.602,0.552,0.05
203937,Kyle Anderson,1610612748,MIA,F-G,31.0,58,57,0.668,2.38,4.52,0.527,0.551,-0.024
1641796,Pelle Larsson,1610612748,MIA,G,24.0,49,44,0.604,2.49,4.51,0.552,0.532,0.02
203114,Khris Middleton,1610612764,WAS,F,33.0,37,37,0.525,2.49,4.51,0.551,0.538,0.013
1626181,Norman Powell,1610612746,LAC,G,32.0,60,58,0.519,2.68,4.5,0.596,0.538,0.058
203901,Elfrid Payton,1610612740,NOP,G,31.0,24,23,0.607,2.17,4.5,0.481,0.535,-0.053
1629004,Svi Mykhailiuk,1610612762,UTA,G-F,28.0,37,34,0.599,2.65,4.49,0.59,0.547,0.043
1630228,Jonathan Kuminga,1610612744,GSW,F,22.0,47,46,0.563,2.32,4.47,0.519,0.551,-0.032
1630198,Isaiah Joe,1610612760,OKC,G,25.0,74,73,0.571,2.45,4.42,0.554,0.54,0.014
1642261,Dalton Knecht,1610612747,LAL,F,24.0,75,74,0.593,2.51,4.41,0.568,0.546,0.022
201566,Russell Westbrook,1610612743,DEN,G,36.0,75,73,0.552,2.51,4.41,0.568,0.539,0.029
1631124,Julian Strawther,1610612743,DEN,G,23.0,64,63,0.542,2.34,4.41,0.532,0.532,0.0
1630574,Ariel Hukporti,1610612752,NYK,C,23.0,22,21,0.74,2.23,4.41,0.505,0.559,-0.053
1631342,Daeqwon Plowden,1610612737,ATL,G-F,26.0,5,4,0.733,2.8,4.4,0.636,0.536,0.1
1630231,KJ Martin,1610612762,UTA,F,24.0,41,40,0.557,2.29,4.39,0.522,0.543,-0.021
1642263,Reed Sheppard,1610612745,HOU,G,21.0,49,42,0.7,2.31,4.39,0.526,0.527,-0.001
1629610,DaQuan Jeffries,1610612766,CHA,G-F,27.0,46,46,0.518,2.24,4.39,0.51,0.549,-0.039
1630167,Obi Toppin,1610612754,IND,F,27.0,79,78,0.596,2.66,4.37,0.609,0.556,0.053
1629020,Jarred Vanderbilt,1610612747,LAL,F,26.0,35,34,0.659,2.37,4.37,0.542,0.551,-0.008
1629660,Ty Jerome,1610612739,CLE,G-F,27.0,70,67,0.574,2.59,4.37,0.592,0.532,0.06
1641767,Ben Sheppard,1610612754,IND,G,23.0,62,58,0.595,2.32,4.35,0.533,0.533,0.0
1631245,Quenton Jackson,1610612754,IND,G,26.0,23,21,0.595,2.61,4.35,0.6,0.516,0.084
1641732,Colby Jones,1610612764,WAS,G,23.0,29,24,0.651,2.41,4.31,0.56,0.534,0.026
201567,Kevin Love,1610612748,MIA,F-C,36.0,21,21,0.818,2.19,4.29,0.511,0.572,-0.061
1629599,Amir Coffey,1610612746,LAC,G-F,28.0,72,71,0.556,2.43,4.28,0.568,0.541,0.027
1631311,Lester Quinones,1610612740,NOP,G,24.0,11,9,0.681,2.18,4.27,0.511,0.536,-0.025
201599,DeAndre Jordan,1610612743,DEN,C,36.0,53,52,0.712,2.02,4.25,0.476,0.555,-0.08
1631243,Mouhamed Gueye,1610612737,ATL,F,22.0,33,32,0.68,2.12,4.24,0.5,0.546,-0.046
1630631,Jose Alvarado,1610612740,NOP,G,27.0,56,55,0.509,2.32,4.23,0.549,0.54,0.009
1641871,Duop Reath,1610612757,POR,C,29.0,42,37,0.689,2.36,4.21,0.559,0.549,0.01
1626153,Delon Wright,1610612752,NYK,G,33.0,37,37,0.633,2.24,4.19,0.535,0.529,0.006
1626196,Josh Richardson,1610612748,MIA,G,31.0,8,7,0.647,3.38,4.13,0.818,0.535,0.284
1630579,Jericho Sims,1610612749,MIL,C,26.0,47,42,0.68,1.89,4.11,0.461,0.549,-0.088
1631221,Collin Gillespie,1610612756,PHX,G,26.0,31,30,0.641,2.26,4.1,0.551,0.535,0.016
1631306,Cole Swider,1610612754,IND,F,26.0,10,10,0.594,2.2,4.1,0.537,0.497,0.04
1631200,Kris Murray,1610612757,POR,F,24.0,61,56,0.717,2.03,4.07,0.5,0.537,-0.037
1630200,Tre Jones,1610612741,CHI,G,25.0,46,46,0.577,2.39,4.07,0.588,0.536,0.052
1642419,Jamison Battle,1610612761,TOR,F,24.0,55,55,0.638,2.09,4.07,0.513,0.532,-0.018
1641729,Brice Sensabaugh,1610612762,UTA,F,21.0,70,66,0.575,2.36,4.07,0.579,0.545,0.034
1630611,Gui Santos,1610612744,GSW,F,23.0,55,54,0.636,2.09,4.07,0.513,0.537,-0.024
1630194,Paul Reed,1610612765,DET,F,26.0,44,43,0.739,2.02,4.0,0.506,0.553,-0.047
200768,Kyle Lowry,1610612755,PHI,G,39.0,35,34,0.576,2.29,4.0,0.571,0.542,0.029
1642347,Jamal Shead,1610612761,TOR,G,22.0,75,72,0.576,2.25,3.99,0.565,0.525,0.041
1628371,Jonathan Isaac,1610612753,ORL,F,27.0,71,70,0.688,1.93,3.97,0.486,0.55,-0.064
204456,T.J. McConnell,1610612754,IND,G,33.0,79,79,0.592,2.15,3.94,0.547,0.52,0.027
1629013,Landry Shamet,1610612752,NYK,G,28.0,47,46,0.631,2.38,3.94,0.605,0.534,0.071
1629629,Cam Reddish,1610612747,LAL,F-G,25.0,32,30,0.606,2.09,3.94,0.532,0.547,-0.016
1629723,John Konchar,1610612763,MEM,G,29.0,41,38,0.636,2.02,3.93,0.516,0.534,-0.018
1630572,Sandro Mamukelashvili,1610612759,SAS,F-C,26.0,57,53,0.638,2.23,3.93,0.567,0.547,0.02
1629680,Matisse Thybulle,1610612757,POR,G-F,28.0,15,15,0.621,2.47,3.93,0.627,0.54,0.087
1631223,David Roddy,1610612745,HOU,F,24.0,32,29,0.691,1.94,3.91,0.496,0.537,-0.041
1628396,Tony Bradley,1610612754,IND,C-F,27.0,11,9,0.717,2.0,3.91,0.512,0.541,-0.029
1629012,Collin Sexton,1610612762,UTA,G,26.0,63,58,0.513,2.3,3.9,0.589,0.547,0.042
203995,Vasilije Micic,1610612756,PHX,G,31.0,41,38,0.632,2.2,3.9,0.563,0.545,0.017
1630625,Dalano Banton,1610612757,POR,F,25.0,65,59,0.61,2.05,3.85,0.532,0.541,-0.009
1630215,Jared Butler,1610612755,PHI,G,24.0,58,58,0.56,1.93,3.84,0.502,0.535,-0.033
1626192,Pat Connaughton,1610612749,MIL,G,32.0,41,38,0.579,2.17,3.83,0.567,0.547,0.02
201587,Nicolas Batum,1610612746,LAC,G-F,36.0,78,74,0.598,1.86,3.82,0.487,0.552,-0.066
1630322,Lindy Waters III,1610612765,DET,F,27.0,48,45,0.628,2.21,3.77,0.586,0.533,0.053
1629726,Garrison Mathews,1610612737,ATL,G,28.0,43,42,0.575,2.09,3.74,0.559,0.537,0.022
1628449,Chris Boucher,1610612761,TOR,F,32.0,50,47,0.555,2.14,3.72,0.575,0.551,0.025
1630171,Isaac Okoro,1610612739,CLE,F-G,24.0,54,51,0.518,1.81,3.72,0.488,0.537,-0.05
1630243,Trevelin Queen,1610612753,ORL,G,28.0,28,24,0.619,2.21,3.71,0.596,0.542,0.055
1631111,Wendell Moore Jr.,1610612766,CHA,G,23.0,30,29,0.645,2.27,3.7,0.613,0.543,0.07
1641713,GG Jackson,1610612763,MEM,F,20.0,27,24,0.562,2.04,3.7,0.55,0.547,0.003
1641765,Olivier-Maxence Prosper,1610612742,DAL,F,22.0,48,44,0.663,1.9,3.69,0.514,0.539,-0.024
1641740,Jaylen Clark,1610612750,MIN,G,23.0,37,36,0.703,1.81,3.65,0.496,0.537,-0.04
1642382,Branden Carlson,1610612760,OKC,C,26.0,24,21,0.608,1.54,3.63,0.425,0.537,-0.111
1641734,Emoni Bates,1610612739,CLE,F,21.0,5,5,0.783,1.4,3.6,0.389,0.537,-0.148
1628988,Aaron Holiday,1610612745,HOU,G,28.0,58,55,0.635,1.79,3.6,0.498,0.527,-0.029
1641772,Nae'Qwan Tomlin,1610612739,CLE,F,24.0,5,5,0.72,1.6,3.6,0.444,0.513,-0.068
201959,Taj Gibson,1610612766,CHA,F,40.0,36,34,0.652,1.44,3.58,0.403,0.55,-0.147
1641716,Jarace Walker,1610612754,IND,F,21.0,70,64,0.598,2.29,3.57,0.64,0.532,0.108
1642349,Ajay Mitchell,1610612760,OKC,G,23.0,36,36,0.634,1.92,3.56,0.539,0.516,0.023
1629006,Josh Okogie,1610612766,CHA,G,26.0,39,35,0.638,2.08,3.56,0.583,0.546,0.037
1631133,Jabari Walker,1610612757,POR,F,22.0,51,50,0.642,1.88,3.55,0.53,0.543,-0.013
1631323,Simone Fontecchio,1610612765,DET,F,29.0,75,71,0.589,2.0,3.53,0.566,0.538,0.028
1631288,Jamal Cain,1610612740,NOP,F,26.0,34,29,0.567,1.97,3.5,0.563,0.531,0.032
1641748,Andre Jackson Jr.,1610612749,MIL,G,23.0,61,55,0.574,1.87,3.49,0.535,0.534,0.001
1641998,Trey Jemison III,1610612747,LAL,C,25.0,34,30,0.624,1.74,3.47,0.5,0.547,-0.047
203458,Alex Len,1610612747,LAL,C,32.0,40,37,0.68,2.03,3.45,0.587,0.552,0.035
1641741,Ricky Council IV,1610612755,PHI,G,23.0,64,59,0.526,1.89,3.45,0.548,0.537,0.011
1631204,Marcus Sasser,1610612765,DET,G,24.0,54,51,0.635,1.74,3.44,0.505,0.525,-0.019
1630288,Jeff Dowtin Jr.,1610612755,PHI,G,28.0,39,34,0.646,1.87,3.41,0.549,0.537,0.012
1630811,Keaton Wallace,1610612737,ATL,G,26.0,29,27,0.521,1.83,3.41,0.535,0.543,-0.008
1641721,Maxwell Lewis,1610612751,BKN,F,22.0,20,18,0.591,2.3,3.4,0.676,0.553,0.123
1628963,Marvin Bagley III,1610612763,MEM,F,26.0,27,23,0.587,1.44,3.37,0.429,0.582,-0.153
202692,Alec Burks,1610612748,MIA,G,33.0,49,44,0.561,1.84,3.37,0.545,0.531,0.015
203935,Marcus Smart,1610612764,WAS,G,31.0,33,30,0.509,1.73,3.36,0.514,0.531,-0.018
1627780,Gary Payton II,1610612744,GSW,G,32.0,61,57,0.613,1.82,3.34,0.544,0.528,0.016
200782,P.J. Tucker,1610612752,NYK,F,40.0,3,2,0.455,2.33,3.33,0.7,0.505,0.195
202709,Cory Joseph,1610612753,ORL,G,33.0,48,46,0.641,2.0,3.31,0.604,0.539,0.065
1630702,Jaden Hardy,1610612742,DAL,G,22.0,54,53,0.629,1.74,3.24,0.537,0.532,0.005
201569,Eric Gordon,1610612755,PHI,G,36.0,37,37,0.594,1.86,3.24,0.575,0.541,0.034
1631157,Ryan Rollins,1610612749,MIL,G,22.0,52,45,0.581,1.6,3.23,0.494,0.53,-0.036
1629026,Kenrich Williams,1610612760,OKC,G-F,30.0,69,67,0.628,1.72,3.23,0.534,0.539,-0.005
203914,Gary Harris,1610612753,ORL,G,30.0,47,42,0.624,1.55,3.21,0.483,0.536,-0.053
1631172,Ousmane Dieng,1610612760,OKC,F,22.0,34,31,0.619,1.65,3.21,0.514,0.535,-0.021
1641727,Dariq Whitehead,1610612751,BKN,G-F,20.0,14,14,0.523,1.64,3.21,0.511,0.533,-0.022
1631248,Baylor Scheierman,1610612738,BOS,G,24.0,28,22,0.622,1.39,3.18,0.438,0.533,-0.095
1631247,Luke Travers,1610612739,CLE,F,23.0,9,8,0.737,2.0,3.11,0.643,0.516,0.127
1641763,Julian Phillips,1610612741,CHI,F,21.0,76,71,0.592,1.75,3.08,0.568,0.548,0.02
1629626,Bol Bol,1610612756,PHX,C-F,25.0,34,26,0.495,1.74,3.06,0.567,0.55,0.017
1628470,Torrey Craig,1610612738,BOS,F,34.0,26,23,0.541,1.42,3.04,0.468,0.552,-0.084
1631132,Christian Koloko,1610612747,LAL,C,25.0,36,32,0.673,1.47,3.03,0.486,0.559,-0.073
1631207,Dalen Terry,1610612741,CHI,F,22.0,72,66,0.577,1.5,3.03,0.495,0.531,-0.036
1629003,Shake Milton,1610612747,LAL,G,28.0,47,36,0.536,1.77,3.02,0.585,0.535,0.05
1641842,Ronald Holland II,1610612765,DET,F,19.0,81,79,0.579,1.69,3.0,0.564,0.536,0.028
1641723,Kobe Bufkin,1610612737,ATL,G,21.0,9,8,0.551,1.0,3.0,0.333,0.532,-0.199
1629056,Terence Davis,1610612758,SAC,G,28.0,1,1,0.6,2.0,3.0,0.667,0.554,0.112
202684,Tristan Thompson,1610612739,CLE,C-F,34.0,38,34,0.605,1.42,2.95,0.482,0.537,-0.055
201145,Jeff Green,1610612745,HOU,F,38.0,32,31,0.61,1.88,2.94,0.638,0.543,0.095
1642402,Enrique Freeman,1610612754,IND,F,24.0,17,16,0.625,1.65,2.94,0.56,0.555,0.005
1642403,Isaac Jones,1610612758,SAC,F,24.0,33,30,0.644,1.55,2.91,0.531,0.543,-0.012
1641757,Jordan Miller,1610612746,LAC,G,25.0,31,29,0.596,1.97,2.9,0.678,0.539,0.139
1641989,Elijah Harkless,1610612762,UTA,G,25.0,10,9,0.58,1.9,2.9,0.655,0.525,0.13
1628420,Monte Morris,1610612756,PHX,G,30.0,43,42,0.626,1.4,2.88,0.484,0.516,-0.032
1642484,RayJ Dennis,1610612754,IND,G,24.0,7,6,0.625,1.86,2.86,0.65,0.519,0.131
1626166,Cameron Payne,1610612752,NYK,G,30.0,71,64,0.604,1.45,2.82,0.515,0.535,-0.02
1641810,Antonio Reeves,1610612740,NOP,G,24.0,37,33,0.562,1.76,2.81,0.625,0.54,0.085
1641854,Craig Porter Jr.,1610612739,CLE,G,25.0,48,44,0.6,1.48,2.81,0.526,0.52,0.006
202693,Markieff Morris,1610612747,LAL,F,35.0,15,12,0.618,1.53,2.8,0.548,0.555,-0.007
1630550,JT Thor,1610612764,WAS,F,22.0,18,16,0.543,1.22,2.78,0.44,0.543,-0.103
202704,Reggie Jackson,1610612755,PHI,G,35.0,30,27,0.542,1.63,2.77,0.59,0.534,0.057
1631123,Jamaree Bouyea,1610612749,MIL,G,26.0,4,2,0.458,1.75,2.75,0.636,0.605,0.031
1629618,Jalen Pickett,1610612743,DEN,G,25.0,43,37,0.5,1.26,2.74,0.458,0.541,-0.084
1642281,Jaylon Tyson,1610612739,CLE,G-F,22.0,41,35,0.534,1.54,2.71,0.568,0.526,0.042
1642285,Cam Spencer,1610612763,MEM,G,25.0,19,17,0.68,1.74,2.68,0.647,0.531,0.116
1642265,Rob Dillingham,1610612750,MIN,G,20.0,42,37,0.605,1.31,2.67,0.491,0.528,-0.037
1629659,Talen Horton-Tucker,1610612741,CHI,G,24.0,55,48,0.474,1.35,2.64,0.51,0.528,-0.018
1642278,Tyler Kolek,1610612752,NYK,G,24.0,25,24,0.667,1.56,2.64,0.591,0.552,0.039
203552,Seth Curry,1610612766,CHA,G,34.0,67,61,0.566,1.52,2.63,0.58,0.546,0.033
1628981,Bruno Fernando,1610612761,TOR,F-C,26.0,16,12,0.6,1.56,2.63,0.595,0.567,0.028
1628427,Vlatko Čančar,1610612743,DEN,F,28.0,10,9,0.553,1.2,2.6,0.462,0.544,-0.082
202066,Garrett Temple,1610612761,TOR,G-F,39.0,22,16,0.626,1.23,2.59,0.474,0.538,-0.065
1631216,Caleb Houstan,1610612753,ORL,G,22.0,54,44,0.611,1.39,2.59,0.536,0.527,0.009
201988,Patty Mills,1610612746,LAC,G,36.0,26,24,0.573,1.5,2.58,0.582,0.536,0.046
1641753,Chris Livingston,1610612749,MIL,F,21.0,14,11,0.75,1.36,2.57,0.528,0.55,-0.022
1630256,Jae'Sean Tate,1610612745,HOU,F,29.0,47,41,0.574,1.19,2.55,0.467,0.541,-0.074
1641715,Cam Whitmore,1610612745,HOU,F,20.0,48,41,0.535,1.38,2.54,0.541,0.532,0.009
1631466,Nate Williams,1610612745,HOU,G,26.0,13,12,0.6,1.46,2.54,0.576,0.54,0.035
1641794,Dillon Jones,1610612760,OKC,F,23.0,47,38,0.578,1.21,2.51,0.483,0.534,-0.051
1642277,Johnny Furphy,1610612754,IND,G,20.0,36,31,0.588,1.33,2.5,0.533,0.531,0.002
1630205,Lamar Stevens,1610612763,MEM,F,27.0,16,11,0.588,1.44,2.5,0.575,0.554,0.021
1641736,Reece Beekman,1610612751,BKN,G,23.0,33,30,0.586,1.58,2.48,0.634,0.52,0.115
1631209,Isaiah Wong,1610612766,CHA,G,24.0,17,17,0.592,1.47,2.47,0.595,0.548,0.047
1641738,Kobe Brown,1610612746,LAC,F,25.0,26,23,0.681,1.46,2.46,0.594,0.552,0.042
1630568,Luka Garza,1610612750,MIN,C,26.0,35,30,0.683,1.51,2.46,0.616,0.551,0.065
1630214,Xavier Tillman,1610612738,BOS,F,26.0,28,20,0.627,1.39,2.46,0.565,0.543,0.022
1631104,Blake Wesley,1610612759,SAS,G,22.0,53,45,0.553,1.34,2.45,0.546,0.527,0.019
1631102,TyTy Washington Jr.,1610612756,PHX,G,23.0,9,8,0.647,1.11,2.44,0.455,0.497,-0.043
1630623,Tyson Etienne,1610612751,BKN,G,25.0,7,5,0.459,1.71,2.43,0.706,0.525,0.181
1642355,Bronny James,1610612747,LAL,G,20.0,19,17,0.639,1.21,2.42,0.5,0.546,-0.046
1642352,Keshad Johnson,1610612748,MIA,F,24.0,12,10,0.63,0.83,2.42,0.345,0.522,-0.177
1641712,Rayan Rupert,1610612757,POR,G-F,21.0,39,33,0.599,1.1,2.41,0.457,0.525,-0.068
1628975,Jevon Carter,1610612741,CHI,G,29.0,30,26,0.537,1.3,2.4,0.542,0.543,-0.001
1641724,Jett Howard,1610612753,ORL,G,21.0,55,49,0.611,1.18,2.4,0.492,0.531,-0.039
1628365,Markelle Fultz,1610612758,SAC,G,27.0,16,15,0.623,1.25,2.38,0.526,0.537,-0.011
1630311,Pat Spencer,1610612744,GSW,G,28.0,26,24,0.747,1.31,2.38,0.548,0.553,-0.004
1631303,Justin Minaya,1610612757,POR,F,26.0,14,13,0.688,1.5,2.36,0.636,0.557,0.079
1642279,Ulrich Chomche,1610612761,TOR,C,19.0,6,4,0.737,2.0,2.33,0.857,0.527,0.331
1641755,Kevin McCullar Jr.,1610612752,NYK,G,24.0,3,2,0.7,1.67,2.33,0.714,0.514,0.2
1641766,Adama Sanogo,1610612741,CHI,F,23.0,3,3,0.583,1.0,2.33,0.429,0.563,-0.134
1630537,Chris Duarte,1610612741,CHI,G,28.0,13,12,0.667,1.08,2.31,0.467,0.547,-0.08
1628995,Kevin Knox II,1610612744,GSW,F,25.0,10,8,0.622,1.1,2.3,0.478,0.529,-0.05
1641775,Jordan Walsh,1610612738,BOS,G,21.0,40,31,0.631,1.18,2.23,0.528,0.528,0.0
1642269,Devin Carter,1610612758,SAC,G,23.0,33,28,0.533,1.3,2.18,0.597,0.53,0.068
1630538,Bones Hyland,1610612750,MIN,G,24.0,23,20,0.602,1.3,2.17,0.6,0.524,0.076
1641816,Hunter Tyson,1610612743,DEN,F,25.0,45,38,0.545,1.18,2.13,0.552,0.536,0.016
1631210,Jacob Toppin,1610612737,ATL,F,25.0,10,10,0.636,0.6,2.1,0.286,0.507,-0.221
203926,Doug McDermott,1610612758,SAC,F,33.0,39,33,0.57,1.05,2.08,0.506,0.532,-0.026
1631103,Malaki Branham,1610612759,SAS,F,22.0,36,33,0.584,0.89,2.03,0.438,0.524,-0.086
1631199,Ron Harper Jr.,1610612765,DET,G-F,25.0,1,1,1.0,0.0,2.0,0.0,0.381,-0.381
1631301,Jaylen Sims,1610612766,CHA,G,26.0,6,6,0.324,1.0,2.0,0.5,0.543,-0.043
1641809,Drew Peterson,1610612738,BOS,F,25.0,19,14,0.613,0.84,2.0,0.421,0.524,-0.103
203109,Jae Crowder,1610612758,SAC,F,34.0,8,8,0.471,1.25,2.0,0.625,0.548,0.078
1630762,Phillip Wheeler,1610612755,PHI,F,23.0,4,3,0.533,1.25,2.0,0.625,0.538,0.087
1630264,Anthony Gill,1610612764,WAS,F,32.0,38,26,0.528,1.13,1.97,0.573,0.544,0.029
1641725,Trey Alexander,1610612743,DEN,G,22.0,12,7,0.622,1.08,1.92,0.565,0.557,0.008
1642422,Armel Traore,1610612747,LAL,F,22.0,8,7,0.652,0.88,1.88,0.467,0.569,-0.102
1630545,Terrence Shannon Jr.,1610612750,MIN,G-F,24.0,28,22,0.495,1.14,1.82,0.627,0.548,0.08
1631098,Johnny Davis,1610612764,WAS,G,23.0,25,19,0.517,0.76,1.8,0.422,0.542,-0.12
1641789,Jazian Gortman,1610612742,DAL,G,22.0,10,8,0.783,1.1,1.8,0.611,0.537,0.074
1642050,Jackson Rowe,1610612744,GSW,F,28.0,5,5,0.643,1.0,1.8,0.556,0.524,0.031
1630604,E.J. Liddell,1610612741,CHI,F,24.0,9,8,0.615,0.89,1.78,0.5,0.546,-0.046
1641745,Adam Flagler,1610612760,OKC,G,25.0,22,19,0.534,0.95,1.77,0.538,0.505,0.034
1627814,Damion Lee,1610612756,PHX,G-F,32.0,18,15,0.554,1.06,1.72,0.613,0.543,0.07
1642505,Alex Ducas,1610612760,OKC,G,24.0,13,12,0.55,1.08,1.69,0.636,0.523,0.114
1630618,D.J. Carton,1610612761,TOR,G,24.0,3,3,0.625,0.67,1.67,0.4,0.554,-0.154
1629162,Jordan McLaughlin,1610612759,SAS,G,29.0,39,32,0.598,0.97,1.64,0.594,0.518,0.076
1629098,Jack McVeigh,1610612745,HOU,G-F,29.0,8,6,0.591,1.0,1.63,0.615,0.538,0.077
1642530,Yuki Kawamura,1610612763,MEM,G,24.0,14,11,0.688,1.14,1.57,0.727,0.519,0.208
1642359,Pacôme Dadiet,1610612752,NYK,F,19.0,16,16,0.556,0.94,1.56,0.6,0.532,0.068
1631169,Josh Minott,1610612750,MIN,F,22.0,38,28,0.522,0.87,1.55,0.559,0.54,0.02
1631321,Sidy Cissoko,1610612757,POR,G,21.0,13,11,0.714,1.0,1.54,0.65,0.487,0.163
1642280,Trentyn Flowers,1610612746,LAC,F,20.0,4,4,0.6,1.0,1.5,0.667,0.531,0.136
1630561,David Duke Jr.,1610612759,SAS,G,25.0,4,2,0.462,0.75,1.5,0.5,0.478,0.022
1631127,Harrison Ingram,1610612759,SAS,F,22.0,4,4,0.75,1.0,1.5,0.667,0.582,0.085
1642385,Cui Cui,1610612751,BKN,F,22.0,2,1,0.75,1.0,1.5,0.667,0.496,0.17
1631386,Taze Moore,1610612757,POR,G,27.0,2,2,0.429,0.0,1.5,0.0,0.638,-0.638
1641879,Yuri Collins,1610612744,GSW,G,24.0,2,2,0.75,1.5,1.5,1.0,0.593,0.407
1630531,Jaden Springer,1610612762,UTA,G,22.0,31,26,0.484,0.9,1.48,0.609,0.538,0.07
1641890,Tyler Smith,1610612749,MIL,F,20.0,16,13,0.523,0.63,1.44,0.435,0.566,-0.131
1642353,Cam Christie,1610612746,LAC,G,19.0,7,6,0.588,0.86,1.43,0.6,0.592,0.008
1630649,Stanley Umude,1610612749,MIL,G,26.0,16,14,0.568,0.56,1.31,0.429,0.554,-0.125
1642443,Jahmir Young,1610612741,CHI,G,24.0,4,4,0.556,1.0,1.25,0.8,0.572,0.228
1630528,Josh Christopher,1610612748,MIA,G,23.0,9,5,0.478,0.67,1.22,0.545,0.515,0.031
1641752,Bobi Klintman,1610612765,DET,F,22.0,5,4,0.6,0.6,1.2,0.5,0.503,-0.003
1628408,PJ Dozier,1610612750,MIN,G-F,28.0,5,4,0.667,0.8,1.2,0.667,0.52,0.146
204060,Joe Ingles,1610612750,MIN,F-G,37.0,11,7,0.419,0.55,1.18,0.462,0.537,-0.075
1631120,JD Davison,1610612738,BOS,G,22.0,11,10,0.591,0.64,1.18,0.538,0.534,0.005
1630699,MarJon Beauchamp,1610612752,NYK,F,24.0,28,21,0.541,0.57,1.18,0.485,0.502,-0.017
1641790,PJ Hall,1610612743,DEN,C,23.0,12,7,0.438,0.33,1.17,0.286,0.555,-0.269
1642461,Spencer Jones,1610612743,DEN,F,24.0,13,9,0.455,0.38,1.15,0.333,0.503,-0.17
1630222,Mason Jones,1610612758,SAC,G,26.0,7,7,0.667,0.57,1.14,0.5,0.514,-0.014
1642384,Isaiah Crawford,1610612758,SAC,F,23.0,7,6,0.571,0.29,1.14,0.25,0.566,-0.316
1631116,Patrick Baldwin Jr.,1610612746,LAC,F,22.0,17,15,0.655,0.53,1.12,0.474,0.554,-0.08
1642434,Riley Minix,1610612759,SAS,F,24.0,1,1,0.5,0.0,1.0,0.0,0.25,-0.25
1641817,Anton Watson,1610612752,NYK,F,24.0,6,6,0.857,0.67,1.0,0.667,0.481,0.186
1642450,Daniss Jenkins,1610612765,DET,G,23.0,5,3,0.625,0.8,1.0,0.8,0.584,0.216
1641857,Liam Robbins,1610612749,MIL,C,25.0,10,7,0.526,0.5,1.0,0.5,0.525,-0.025
1641803,Tristen Newton,1610612750,MIN,G,24.0,3,2,0.375,0.67,1.0,0.667,0.527,0.139
1642389,Zyon Pullin,1610612763,MEM,G,24.0,2,2,1.0,0.5,1.0,0.5,0.532,-0.032
201949,James Johnson,1610612754,IND,F,38.0,8,5,0.615,0.38,1.0,0.375,0.535,-0.16
1641936,Miles Norris,1610612738,BOS,F,25.0,3,3,0.5,0.33,1.0,0.333,0.547,-0.213
1626143,Jahlil Okafor,1610612754,IND,C-F,29.0,1,1,0.333,0.0,1.0,0.0,0.697,-0.697
1630296,Braxton Key,1610612744,GSW,F,28.0,1,1,0.333,1.0,1.0,1.0,0.477,0.523
1629667,Jalen McDaniels,1610612758,SAC,F,27.0,1,1,0.333,0.0,1.0,0.0,0.475,-0.475
1642399,Jesse Edwards,1610612750,MIN,C,25.0,1,1,0.5,1.0,1.0,1.0,0.577,0.423
1631214,Alondes Williams,1610612746,LAC,G,26.0,1,1,0.333,0.0,1.0,0.0,0.478,-0.478
1630346,Matt Ryan,1610612740,NOP,F,28.0,12,7,0.458,0.67,0.92,0.727,0.538,0.189
1642502,Malevy Leons,1610612760,OKC,F,25.0,4,2,0.429,0.5,0.75,0.667,0.492,0.175
1631159,Leonard Miller,1610612750,MIN,F,21.0,7,4,0.556,0.43,0.71,0.6,0.554,0.046
1631121,Bryce McGowens,1610612757,POR,G,22.0,11,5,0.429,0.45,0.55,0.833,0.548,0.285
1641779,Jalen Bridges,1610612756,PHX,F,24.0,4,2,0.4,0.25,0.5,0.5,0.548,-0.048
1630644,Mac McClung,1610612753,ORL,G,26.0,2,1,0.5,0.5,0.5,1.0,0.527,0.473
1641801,Emanuel Miller,1610612741,CHI,F,25.0,2,1,0.167,0.5,0.5,1.0,0.586,0.414
1642439,Quincy Olivari,1610612747,LAL,G,24.0,2,1,0.333,0.5,0.5,1.0,0.675,0.325
