CLOSE_DEF_PERSON_ID,PLAYER_NAME,PLAYER_LAST_TEAM_ID,PLAYER_LAST_TEAM_ABBREVIATION,PLAYER_POSITION,AGE,GP,G,FREQ,FGM_GT_15,FGA_GT_15,GT_15_PCT,NS_GT_15_PCT,PLUSMINUS
1642270,Donovan Clingan,1610612757,POR,C,22.0,56,56,0.451,3.59,9.14,0.393,0.364,0.028
1641705,Victor Wembanyama,1610612759,SAS,F-C,22.0,45,45,0.461,2.42,7.78,0.311,0.362,-0.051
1629029,Luka Dončić,1610612747,LAL,F-G,27.0,46,46,0.461,2.65,7.61,0.349,0.37,-0.022
1642273,Kyshawn George,1610612764,WAS,F,22.0,46,46,0.467,2.96,7.48,0.395,0.367,0.028
1629645,Kevin Porter Jr.,1610612749,MIL,G-F,25.0,33,33,0.522,2.85,7.3,0.39,0.366,0.024
1630578,Alperen Sengun,1610612745,HOU,C,23.0,50,50,0.408,2.8,7.18,0.39,0.363,0.027
1628991,Jaren Jackson Jr.,1610612762,UTA,F-C,26.0,48,48,0.476,2.48,7.1,0.349,0.361,-0.012
1627750,Jamal Murray,1610612743,DEN,G,29.0,55,55,0.488,2.38,7.0,0.34,0.368,-0.028
1628401,Derrick White,1610612738,BOS,G,31.0,57,56,0.474,2.37,6.93,0.342,0.368,-0.026
202696,Nikola Vučević,1610612738,BOS,C,35.0,56,55,0.415,2.88,6.84,0.42,0.369,0.052
203076,Anthony Davis,1610612764,WAS,F-C,32.0,20,20,0.435,2.7,6.8,0.397,0.377,0.02
203999,Nikola Jokić,1610612743,DEN,C,31.0,44,44,0.374,2.75,6.75,0.407,0.357,0.051
1630700,Dyson Daniels,1610612737,ATL,G,22.0,58,58,0.466,2.38,6.67,0.357,0.371,-0.014
1628404,Josh Hart,1610612752,NYK,G,30.0,48,48,0.47,2.29,6.67,0.344,0.362,-0.018
1628973,Jalen Brunson,1610612752,NYK,G,29.0,54,54,0.514,2.41,6.67,0.361,0.369,-0.008
203497,Rudy Gobert,1610612750,MIN,C,33.0,57,57,0.386,2.53,6.65,0.38,0.373,0.007
1630596,Evan Mobley,1610612739,CLE,C,24.0,46,46,0.387,2.24,6.65,0.337,0.37,-0.034
203952,Andrew Wiggins,1610612748,MIA,F,31.0,54,54,0.474,2.26,6.63,0.341,0.373,-0.033
1641718,Keyonte George,1610612762,UTA,G,22.0,48,48,0.502,2.27,6.58,0.345,0.373,-0.028
1628384,OG Anunoby,1610612752,NYK,F-G,28.0,46,45,0.497,2.15,6.54,0.329,0.364,-0.036
1630595,Cade Cunningham,1610612765,DET,G,24.0,52,51,0.47,2.12,6.52,0.324,0.373,-0.048
1630183,Jaden McDaniels,1610612750,MIN,F,25.0,58,58,0.452,2.29,6.52,0.352,0.378,-0.027
1630567,Scottie Barnes,1610612761,TOR,F-G,24.0,57,57,0.446,2.26,6.49,0.349,0.368,-0.02
1630530,Trey Murphy III,1610612740,NOP,F,25.0,52,52,0.474,2.54,6.48,0.392,0.374,0.018
1642843,Cooper Flagg,1610612742,DAL,F,19.0,49,49,0.426,2.27,6.45,0.351,0.364,-0.013
1630581,Josh Giddey,1610612741,CHI,G,23.0,39,39,0.476,2.44,6.44,0.378,0.365,0.013
1642852,Derik Queen,1610612740,NOP,C,21.0,59,58,0.399,2.27,6.39,0.355,0.363,-0.008
1628368,De'Aaron Fox,1610612759,SAS,G,28.0,50,50,0.533,2.44,6.32,0.386,0.37,0.016
1627759,Jaylen Brown,1610612738,BOS,G-F,29.0,53,53,0.548,2.08,6.32,0.328,0.365,-0.037
1631260,AJ Green,1610612749,MIL,G,26.0,54,54,0.501,2.44,6.28,0.389,0.369,0.021
1628389,Bam Adebayo,1610612748,MIA,C-F,28.0,52,52,0.458,2.04,6.27,0.325,0.366,-0.041
1630532,Franz Wagner,1610612753,ORL,F,24.0,28,28,0.485,2.75,6.21,0.443,0.371,0.072
203954,Joel Embiid,1610612755,PHI,C-F,31.0,33,33,0.395,1.88,6.21,0.302,0.357,-0.055
1630168,Onyeka Okongwu,1610612737,ATL,F-C,25.0,55,55,0.412,2.11,6.2,0.34,0.365,-0.025
1629652,Luguentz Dort,1610612760,OKC,G,26.0,50,50,0.559,2.38,6.2,0.384,0.374,0.009
1641717,Cason Wallace,1610612760,OKC,G,22.0,58,58,0.514,2.26,6.19,0.365,0.368,-0.004
203468,CJ McCollum,1610612737,ATL,G,34.0,56,56,0.494,2.09,6.18,0.338,0.368,-0.03
1642259,Alex Sarr,1610612764,WAS,C,20.0,41,41,0.339,2.54,6.17,0.411,0.373,0.038
1641739,Toumani Camara,1610612757,POR,F,25.0,61,61,0.433,2.38,6.16,0.386,0.378,0.008
1630583,Santi Aldama,1610612763,MEM,F-C,25.0,43,43,0.438,2.26,6.16,0.366,0.36,0.006
1627826,Ivica Zubac,1610612754,IND,C,28.0,43,42,0.391,2.42,6.12,0.395,0.366,0.03
1630178,Tyrese Maxey,1610612755,PHI,G,25.0,57,57,0.483,2.21,6.11,0.362,0.371,-0.009
1628436,Luke Kornet,1610612759,SAS,C-F,30.0,49,48,0.388,1.98,6.1,0.324,0.363,-0.039
1642907,Cedric Coward,1610612763,MEM,G,22.0,48,48,0.521,2.21,6.08,0.363,0.365,-0.002
1631157,Ryan Rollins,1610612749,MIL,G,23.0,56,56,0.462,2.27,6.05,0.375,0.369,0.006
201142,Kevin Durant,1610612745,HOU,F,37.0,55,55,0.508,2.11,6.05,0.348,0.366,-0.018
1629023,P.J. Washington,1610612742,DAL,F,27.0,42,42,0.402,2.05,6.0,0.341,0.365,-0.024
1629628,RJ Barrett,1610612761,TOR,F-G,25.0,35,35,0.476,2.0,6.0,0.333,0.362,-0.028
1628381,John Collins,1610612746,LAC,F-C,28.0,53,53,0.527,1.98,5.98,0.331,0.367,-0.036
1631212,Peyton Watson,1610612743,DEN,G,23.0,49,49,0.438,1.88,5.92,0.317,0.374,-0.057
1627783,Pascal Siakam,1610612754,IND,F,31.0,52,52,0.43,2.02,5.92,0.341,0.366,-0.025
1641824,Matas Buzelis,1610612741,CHI,F,21.0,60,60,0.415,2.2,5.9,0.373,0.368,0.005
203897,Zach LaVine,1610612758,SAC,G,30.0,39,39,0.531,2.18,5.9,0.37,0.374,-0.005
203994,Jusuf Nurkić,1610612762,UTA,C,31.0,41,40,0.434,2.39,5.9,0.405,0.366,0.039
1626157,Karl-Anthony Towns,1610612752,NYK,C-F,30.0,56,56,0.441,2.23,5.86,0.381,0.368,0.013
1631170,Jaime Jaquez Jr.,1610612748,MIA,G,25.0,55,54,0.451,2.07,5.85,0.354,0.365,-0.011
1628415,Dillon Brooks,1610612756,PHX,G-F,30.0,50,50,0.488,2.1,5.82,0.361,0.368,-0.007
1630558,Davion Mitchell,1610612748,MIA,G,27.0,49,49,0.518,1.98,5.82,0.34,0.374,-0.034
1631095,Jabari Smith Jr.,1610612745,HOU,F,22.0,57,56,0.437,2.12,5.81,0.366,0.368,-0.003
201599,DeAndre Jordan,1610612740,NOP,C,37.0,5,5,0.527,1.4,5.8,0.241,0.362,-0.121
201935,James Harden,1610612739,CLE,G,36.0,51,51,0.445,1.96,5.76,0.34,0.362,-0.022
1628374,Lauri Markkanen,1610612762,UTA,F-C,28.0,42,42,0.475,1.93,5.76,0.335,0.366,-0.031
1631094,Paolo Banchero,1610612753,ORL,F,23.0,48,47,0.425,2.23,5.69,0.392,0.367,0.025
1630559,Austin Reaves,1610612747,LAL,G,27.0,32,32,0.425,2.16,5.69,0.379,0.372,0.007
1628970,Miles Bridges,1610612766,CHA,F,27.0,56,56,0.495,2.0,5.68,0.352,0.366,-0.014
1626167,Myles Turner,1610612749,MIL,C-F,29.0,54,53,0.375,2.22,5.65,0.393,0.364,0.029
1629636,Darius Garland,1610612746,LAC,G,26.0,26,25,0.484,2.31,5.65,0.408,0.378,0.03
1642281,Jaylon Tyson,1610612739,CLE,G-F,23.0,56,56,0.501,2.13,5.59,0.38,0.372,0.009
1626162,Kelly Oubre Jr.,1610612755,PHI,F-G,30.0,37,37,0.448,1.86,5.59,0.333,0.371,-0.038
1628983,Shai Gilgeous-Alexander,1610612760,OKC,G,27.0,50,50,0.46,1.86,5.58,0.333,0.36,-0.027
1631128,Christian Braun,1610612743,DEN,G,24.0,24,24,0.446,1.54,5.54,0.278,0.368,-0.09
1630162,Anthony Edwards,1610612750,MIN,G,24.0,50,50,0.476,1.96,5.54,0.354,0.365,-0.012
1641710,Anthony Black,1610612753,ORL,G,22.0,58,56,0.414,2.03,5.53,0.368,0.374,-0.006
1631096,Chet Holmgren,1610612760,OKC,C-F,23.0,53,52,0.383,1.83,5.51,0.332,0.368,-0.036
1630699,MarJon Beauchamp,1610612755,PHI,F,25.0,2,2,0.55,1.0,5.5,0.182,0.332,-0.15
1627742,Brandon Ingram,1610612761,TOR,F,28.0,57,57,0.502,1.82,5.49,0.332,0.368,-0.036
1631109,Mark Williams,1610612756,PHX,C,24.0,55,52,0.387,1.95,5.49,0.354,0.368,-0.014
1627739,Kris Dunn,1610612746,LAC,G,31.0,58,58,0.524,2.02,5.48,0.368,0.377,-0.009
1630540,Miles McBride,1610612752,NYK,G,25.0,35,35,0.507,1.86,5.46,0.34,0.366,-0.026
1629627,Zion Williamson,1610612740,NOP,F,25.0,44,44,0.533,1.98,5.45,0.363,0.362,0.001
1630590,Scotty Pippen Jr.,1610612763,MEM,G,25.0,7,7,0.469,2.14,5.43,0.395,0.348,0.047
201950,Jrue Holiday,1610612757,POR,G,35.0,32,32,0.529,2.03,5.41,0.376,0.372,0.004
1628960,Grayson Allen,1610612756,PHX,G,30.0,38,38,0.473,2.18,5.39,0.405,0.376,0.029
1641706,Brandon Miller,1610612766,CHA,F,23.0,44,44,0.428,1.64,5.39,0.304,0.373,-0.069
1628969,Mikal Bridges,1610612752,NYK,G-F,29.0,60,60,0.437,1.95,5.38,0.362,0.372,-0.01
203944,Julius Randle,1610612750,MIN,F-C,31.0,60,60,0.458,2.03,5.37,0.379,0.375,0.004
1641709,Ausar Thompson,1610612765,DET,G-F,23.0,54,54,0.505,2.0,5.37,0.372,0.373,-0.001
1631217,Moussa Diabaté,1610612766,CHA,F,24.0,53,53,0.405,2.04,5.36,0.38,0.362,0.018
202695,Kawhi Leonard,1610612746,LAC,F,34.0,44,44,0.494,2.11,5.36,0.394,0.362,0.032
1629630,Ja Morant,1610612763,MEM,G,26.0,20,20,0.493,2.4,5.35,0.449,0.368,0.08
1629028,Deandre Ayton,1610612747,LAL,C,27.0,50,50,0.38,2.14,5.34,0.401,0.365,0.036
1641730,Noah Clowney,1610612751,BKN,F-C,21.0,53,53,0.388,2.19,5.34,0.41,0.369,0.041
1629638,Nickeil Alexander-Walker,1610612737,ATL,G,27.0,58,57,0.407,2.14,5.33,0.401,0.374,0.027
1642851,Kon Knueppel,1610612766,CHA,G-F,20.0,60,60,0.401,1.83,5.33,0.344,0.368,-0.025
1642847,Jeremiah Fears,1610612740,NOP,G,19.0,60,58,0.462,1.87,5.32,0.351,0.372,-0.021
1627751,Jakob Poeltl,1610612761,TOR,C,30.0,25,25,0.407,1.8,5.32,0.338,0.372,-0.033
1628392,Isaiah Hartenstein,1610612760,OKC,C-F,27.0,34,34,0.447,1.97,5.29,0.372,0.36,0.013
1630217,Desmond Bane,1610612753,ORL,G,27.0,58,58,0.49,1.62,5.28,0.307,0.366,-0.059
203935,Marcus Smart,1610612747,LAL,G,31.0,48,48,0.554,1.81,5.27,0.344,0.367,-0.023
1630174,Aaron Nesmith,1610612754,IND,G-F,26.0,33,32,0.445,1.67,5.27,0.316,0.369,-0.053
1631105,Jalen Duren,1610612765,DET,C,22.0,48,47,0.424,1.96,5.27,0.372,0.367,0.004
1642845,VJ Edgecombe,1610612755,PHI,G,20.0,55,54,0.406,1.76,5.27,0.334,0.368,-0.034
1630167,Obi Toppin,1610612754,IND,F,27.0,4,4,0.6,1.5,5.25,0.286,0.373,-0.088
1642264,Stephon Castle,1610612759,SAS,G,21.0,49,49,0.465,1.9,5.22,0.363,0.373,-0.01
1630191,Isaiah Stewart,1610612765,DET,F-C,24.0,48,48,0.449,2.06,5.19,0.398,0.366,0.032
203110,Draymond Green,1610612744,GSW,F,35.0,48,47,0.417,1.77,5.17,0.343,0.355,-0.013
203932,Aaron Gordon,1610612743,DEN,F,30.0,23,22,0.442,1.43,5.17,0.277,0.364,-0.087
1630552,Jalen Johnson,1610612737,ATL,F,24.0,54,53,0.397,1.72,5.15,0.335,0.362,-0.027
1630171,Isaac Okoro,1610612741,CHI,F-G,25.0,50,48,0.474,1.98,5.14,0.385,0.368,0.017
1642377,Jaylen Wells,1610612763,MEM,F,22.0,57,55,0.497,1.86,5.11,0.364,0.377,-0.013
204001,Kristaps Porziņģis,1610612744,GSW,F-C,30.0,18,17,0.371,1.5,5.11,0.293,0.358,-0.064
1641744,Zach Edey,1610612763,MEM,C,23.0,11,11,0.421,2.45,5.09,0.482,0.369,0.113
1642846,Ace Bailey,1610612762,UTA,F,19.0,52,52,0.511,1.92,5.06,0.38,0.363,0.018
1630230,Naji Marshall,1610612742,DAL,F,28.0,58,57,0.461,1.72,5.05,0.341,0.367,-0.026
1627734,Domantas Sabonis,1610612758,SAC,F-C,29.0,19,19,0.337,2.37,5.05,0.469,0.377,0.092
1629651,Nic Claxton,1610612751,BKN,C,26.0,54,54,0.375,1.89,5.04,0.375,0.372,0.003
203501,Tim Hardaway Jr.,1610612743,DEN,G-F,33.0,59,59,0.543,1.83,5.02,0.365,0.361,0.004
1628386,Jarrett Allen,1610612739,CLE,C,27.0,49,48,0.389,1.86,5.02,0.37,0.374,-0.005
1629684,Grant Williams,1610612766,CHA,F,27.0,19,19,0.528,1.47,5.0,0.295,0.359,-0.065
1631117,Walker Kessler,1610612762,UTA,C,24.0,5,5,0.325,1.2,5.0,0.24,0.369,-0.129
1630621,Hunter Dickinson,1610612740,NOP,C,25.0,1,1,0.625,2.0,5.0,0.4,0.343,0.057
1631108,Max Christie,1610612742,DAL,G,23.0,54,54,0.406,1.67,4.98,0.335,0.367,-0.033
1631230,Dominick Barlow,1610612755,PHI,F,22.0,48,47,0.425,1.98,4.98,0.397,0.364,0.033
1630193,Immanuel Quickley,1610612761,TOR,G,26.0,56,56,0.46,1.71,4.98,0.344,0.365,-0.021
1628378,Donovan Mitchell,1610612739,CLE,G,29.0,55,55,0.525,1.93,4.98,0.387,0.369,0.018
1631222,Jake LaRavia,1610612747,LAL,F,24.0,58,56,0.409,1.91,4.98,0.384,0.373,0.011
1629674,Neemias Queta,1610612738,BOS,C,26.0,55,55,0.393,1.85,4.95,0.375,0.362,0.013
1629614,Andrew Nembhard,1610612754,IND,G-F,26.0,47,46,0.426,1.87,4.94,0.379,0.37,0.009
1630166,Deni Avdija,1610612757,POR,F,25.0,48,48,0.393,2.15,4.94,0.435,0.37,0.065
1642271,Kyle Filipowski,1610612762,UTA,C,22.0,58,56,0.436,1.81,4.93,0.367,0.364,0.004
202331,Paul George,1610612755,PHI,F,35.0,27,27,0.446,1.89,4.93,0.383,0.367,0.016
1629661,Cameron Johnson,1610612743,DEN,F,29.0,36,35,0.48,1.83,4.92,0.373,0.358,0.015
1631221,Collin Gillespie,1610612756,PHX,G,26.0,59,59,0.444,1.58,4.9,0.322,0.367,-0.045
202710,Jimmy Butler III,1610612744,GSW,F,36.0,38,38,0.496,1.79,4.89,0.366,0.368,-0.002
1630572,Sandro Mamukelashvili,1610612761,TOR,F-C,26.0,57,56,0.438,1.84,4.88,0.378,0.366,0.012
1626220,Royce O'Neale,1610612756,PHX,F,32.0,60,58,0.445,1.75,4.88,0.358,0.367,-0.009
1628976,Wendell Carter Jr.,1610612753,ORL,C-F,26.0,56,56,0.374,1.77,4.88,0.363,0.375,-0.013
203500,Steven Adams,1610612745,HOU,C,32.0,32,31,0.396,1.41,4.88,0.288,0.349,-0.06
1642875,Maxime Raynaud,1610612758,SAC,C,22.0,53,52,0.371,1.79,4.87,0.368,0.365,0.003
201143,Al Horford,1610612744,GSW,C-F,39.0,37,37,0.428,1.59,4.86,0.328,0.374,-0.046
1628971,Bruce Brown,1610612743,DEN,G-F,29.0,60,60,0.469,1.5,4.82,0.311,0.368,-0.056
1626164,Devin Booker,1610612756,PHX,G,29.0,44,43,0.448,1.66,4.82,0.344,0.361,-0.017
1629655,Daniel Gafford,1610612742,DAL,F-C,27.0,42,41,0.387,1.86,4.81,0.386,0.365,0.021
1630202,Payton Pritchard,1610612738,BOS,G,28.0,58,56,0.476,1.81,4.81,0.376,0.365,0.012
1642263,Reed Sheppard,1610612745,HOU,G,21.0,58,57,0.424,1.64,4.78,0.343,0.364,-0.021
1642268,Isaiah Collier,1610612762,UTA,G,21.0,51,50,0.503,2.1,4.78,0.439,0.37,0.069
1641750,Ryan Kalkbrenner,1610612766,CHA,C,24.0,49,47,0.368,1.78,4.78,0.372,0.353,0.019
1629004,Svi Mykhailiuk,1610612762,UTA,G-F,28.0,47,47,0.521,1.85,4.77,0.388,0.376,0.012
1629631,De'Andre Hunter,1610612758,SAC,F-G,28.0,45,45,0.498,1.98,4.76,0.416,0.374,0.042
1629673,Jordan Poole,1610612740,NOP,G,26.0,32,30,0.505,1.53,4.75,0.322,0.365,-0.043
1631214,Alondes Williams,1610612764,WAS,G,26.0,4,4,0.5,2.0,4.75,0.421,0.358,0.063
203924,Jerami Grant,1610612757,POR,F,31.0,45,44,0.502,1.76,4.73,0.371,0.378,-0.007
1629639,Tyler Herro,1610612748,MIA,G,26.0,15,15,0.374,1.87,4.73,0.394,0.367,0.027
1629013,Landry Shamet,1610612752,NYK,G,28.0,34,34,0.537,2.0,4.71,0.425,0.367,0.058
1642274,Yves Missi,1610612740,NOP,C,21.0,47,45,0.46,1.53,4.7,0.326,0.371,-0.045
2544,LeBron James,1610612747,LAL,F,41.0,40,39,0.491,1.75,4.7,0.372,0.372,0.001
1630598,Aaron Wiggins,1610612760,OKC,G,27.0,46,46,0.474,2.04,4.7,0.435,0.371,0.064
1642258,Zaccharie Risacher,1610612737,ATL,F,20.0,47,47,0.449,1.68,4.68,0.359,0.368,-0.009
1641708,Amen Thompson,1610612745,HOU,G-F,23.0,56,52,0.467,1.41,4.63,0.305,0.367,-0.062
1627884,Derrick Jones Jr.,1610612746,LAC,F,29.0,26,25,0.494,1.42,4.62,0.308,0.378,-0.07
203114,Khris Middleton,1610612742,DAL,F,34.0,41,39,0.486,1.71,4.61,0.37,0.364,0.006
1630573,Sam Hauser,1610612738,BOS,F,28.0,56,54,0.481,1.7,4.61,0.368,0.368,0.0
1631246,Vince Williams Jr.,1610612762,UTA,G,25.0,40,39,0.515,1.6,4.6,0.348,0.372,-0.024
203084,Harrison Barnes,1610612759,SAS,F,33.0,59,57,0.508,1.53,4.58,0.333,0.366,-0.032
1629632,Coby White,1610612766,CHA,G,26.0,32,31,0.453,1.72,4.56,0.377,0.359,0.018
1642867,Collin Murray-Boyles,1610612761,TOR,F,20.0,47,47,0.441,1.51,4.55,0.332,0.369,-0.037
1642276,Kel'el Ware,1610612748,MIA,C,21.0,56,50,0.379,1.36,4.55,0.298,0.363,-0.065
203471,Dennis Schröder,1610612739,CLE,G,32.0,50,50,0.48,1.48,4.54,0.326,0.375,-0.049
1629060,Rui Hachimura,1610612747,LAL,F,28.0,47,47,0.45,1.74,4.53,0.385,0.367,0.018
201939,Stephen Curry,1610612744,GSW,G,37.0,39,39,0.452,1.82,4.51,0.403,0.377,0.026
1641796,Pelle Larsson,1610612748,MIA,G,25.0,48,46,0.458,1.48,4.5,0.329,0.371,-0.042
1626171,Bobby Portis,1610612749,MIL,F,31.0,56,54,0.441,1.75,4.5,0.389,0.365,0.024
1630173,Precious Achiuwa,1610612758,SAC,F,26.0,52,50,0.436,1.5,4.5,0.333,0.372,-0.039
1629656,Quentin Grimes,1610612755,PHI,G,25.0,53,53,0.472,1.32,4.49,0.294,0.363,-0.069
1630533,Ziaire Williams,1610612751,BKN,F,24.0,41,40,0.474,1.66,4.49,0.37,0.378,-0.009
1630577,Julian Champagnie,1610612759,SAS,F,24.0,59,59,0.433,1.8,4.49,0.4,0.371,0.029
1630541,Moses Moody,1610612744,GSW,G,23.0,57,57,0.433,1.63,4.46,0.366,0.371,-0.004
1642267,Bub Carrington,1610612764,WAS,G,20.0,58,58,0.485,1.67,4.45,0.376,0.374,0.002
1642383,Walter Clayton Jr.,1610612763,MEM,G,22.0,51,48,0.509,1.65,4.45,0.37,0.363,0.007
1631106,Tari Eason,1610612745,HOU,F,24.0,36,36,0.475,1.53,4.44,0.344,0.364,-0.02
203507,Giannis Antetokounmpo,1610612749,MIL,F,31.0,30,29,0.465,1.7,4.43,0.383,0.356,0.028
1628963,Marvin Bagley III,1610612742,DAL,F,26.0,45,41,0.443,1.56,4.42,0.352,0.367,-0.016
1628978,Donte DiVincenzo,1610612750,MIN,G,29.0,60,60,0.411,1.6,4.4,0.364,0.373,-0.01
1629130,Duncan Robinson,1610612765,DET,F,31.0,56,55,0.44,1.59,4.38,0.363,0.367,-0.004
1631119,Jaylin Williams,1610612760,OKC,F,23.0,46,44,0.433,1.3,4.37,0.299,0.351,-0.052
1630180,Saddiq Bey,1610612740,NOP,G-F,26.0,53,53,0.495,1.51,4.36,0.346,0.37,-0.024
1642955,Kadary Richmond,1610612764,WAS,G,24.0,3,3,0.65,1.0,4.33,0.231,0.319,-0.089
1642363,Nique Clifford,1610612758,SAC,G,24.0,57,56,0.46,1.49,4.32,0.346,0.369,-0.024
1630228,Jonathan Kuminga,1610612737,ATL,F,23.0,22,21,0.505,1.68,4.32,0.389,0.362,0.028
1629027,Trae Young,1610612764,WAS,G,27.0,10,10,0.43,1.5,4.3,0.349,0.361,-0.012
1630529,Herbert Jones,1610612740,NOP,F,27.0,37,35,0.444,1.68,4.3,0.39,0.371,0.019
1629675,Naz Reid,1610612750,MIN,C-F,26.0,59,56,0.42,1.53,4.29,0.356,0.37,-0.014
1630591,Jalen Suggs,1610612753,ORL,G,24.0,35,34,0.387,1.51,4.29,0.353,0.372,-0.018
1630695,Micah Potter,1610612754,IND,C,27.0,26,25,0.368,1.69,4.27,0.396,0.371,0.025
202699,Tobias Harris,1610612765,DET,F,33.0,42,40,0.431,1.6,4.26,0.374,0.367,0.008
1642883,Sion James,1610612766,CHA,G,23.0,61,61,0.443,1.48,4.25,0.347,0.374,-0.027
1629660,Ty Jerome,1610612763,MEM,G-F,28.0,8,8,0.531,1.5,4.25,0.353,0.347,0.006
203992,Bogdan Bogdanović,1610612746,LAC,G,33.0,17,16,0.431,1.53,4.24,0.361,0.378,-0.016
1628398,Kyle Kuzma,1610612749,MIL,F,30.0,55,55,0.442,1.51,4.22,0.358,0.375,-0.017
1631101,Shaedon Sharpe,1610612757,POR,G,22.0,48,47,0.404,1.48,4.21,0.351,0.368,-0.017
203078,Bradley Beal,1610612746,LAC,G,32.0,6,6,0.676,1.67,4.17,0.4,0.373,0.027
1628366,Lonzo Ball,1610612739,CLE,G,28.0,35,33,0.505,1.4,4.11,0.34,0.377,-0.036
201942,DeMar DeRozan,1610612758,SAC,G-F,36.0,61,61,0.417,1.75,4.1,0.428,0.372,0.056
1630245,Ayo Dosunmu,1610612750,MIN,G,26.0,52,51,0.484,1.21,4.1,0.296,0.363,-0.067
1641729,Brice Sensabaugh,1610612762,UTA,F,22.0,55,53,0.501,1.53,4.09,0.373,0.366,0.007
1631121,Bryce McGowens,1610612740,NOP,G,23.0,34,32,0.457,1.24,4.09,0.302,0.362,-0.059
1629011,Mitchell Robinson,1610612752,NYK,C-F,27.0,43,39,0.448,1.47,4.09,0.358,0.369,-0.011
1630198,Isaiah Joe,1610612760,OKC,G,26.0,52,50,0.521,1.37,4.08,0.335,0.361,-0.026
1629008,Michael Porter Jr.,1610612751,BKN,F,27.0,47,45,0.38,1.53,4.04,0.379,0.369,0.01
1626156,D'Angelo Russell,1610612764,WAS,G,30.0,26,26,0.463,1.42,4.04,0.352,0.374,-0.022
1642366,Quinten Post,1610612744,GSW,C,25.0,58,54,0.402,1.43,4.03,0.355,0.367,-0.013
1631097,Bennedict Mathurin,1610612746,LAC,G-F,23.0,34,34,0.407,1.47,4.03,0.365,0.374,-0.009
201572,Brook Lopez,1610612746,LAC,C,37.0,51,46,0.389,1.37,4.02,0.341,0.365,-0.024
1629731,Dean Wade,1610612739,CLE,F-C,29.0,47,47,0.39,1.3,4.0,0.324,0.372,-0.048
1642349,Ajay Mitchell,1610612760,OKC,G,23.0,43,42,0.489,1.37,4.0,0.343,0.369,-0.026
1627749,Dejounte Murray,1610612740,NOP,G,29.0,2,2,0.471,0.5,4.0,0.125,0.345,-0.22
203937,Kyle Anderson,1610612763,MEM,F-G,32.0,24,24,0.516,1.5,4.0,0.375,0.353,0.022
1631099,Keegan Murray,1610612758,SAC,F,25.0,23,23,0.288,1.43,4.0,0.359,0.376,-0.018
1641778,Leaky Black,1610612764,WAS,F,26.0,1,1,0.364,3.0,4.0,0.75,0.36,0.391
1642461,Spencer Jones,1610612743,DEN,F,24.0,49,47,0.467,1.53,3.98,0.385,0.365,0.02
203083,Andre Drummond,1610612755,PHI,C,32.0,43,41,0.394,1.21,3.98,0.304,0.358,-0.054
1629637,Jaxson Hayes,1610612747,LAL,C-F,25.0,48,47,0.478,1.42,3.98,0.356,0.372,-0.016
1628989,Kevin Huerter,1610612765,DET,G-F,27.0,49,48,0.435,1.33,3.96,0.335,0.359,-0.024
1631245,Quenton Jackson,1610612754,IND,G,27.0,27,27,0.478,1.19,3.96,0.299,0.37,-0.071
1626172,Kevon Looney,1610612740,NOP,F,30.0,18,17,0.507,1.28,3.94,0.324,0.362,-0.038
201566,Russell Westbrook,1610612758,SAC,G,37.0,56,54,0.43,1.25,3.93,0.318,0.366,-0.048
1630241,Sam Merrill,1610612739,CLE,G,29.0,37,37,0.422,1.43,3.92,0.366,0.367,-0.002
1631114,Jalen Williams,1610612760,OKC,G-F,24.0,26,26,0.453,1.38,3.92,0.353,0.375,-0.023
1641783,Tristan da Silva,1610612753,ORL,F,24.0,53,51,0.459,1.42,3.91,0.362,0.37,-0.007
1629611,Terance Mann,1610612751,BKN,G-F,29.0,51,47,0.433,1.35,3.9,0.347,0.379,-0.032
1627936,Alex Caruso,1610612760,OKC,G,32.0,40,39,0.525,1.45,3.9,0.372,0.367,0.005
1630314,Brandon Williams,1610612742,DAL,G,26.0,51,50,0.434,1.33,3.88,0.343,0.36,-0.017
1631165,Keon Ellis,1610612739,CLE,G,26.0,52,50,0.469,1.25,3.87,0.323,0.375,-0.052
1630200,Tre Jones,1610612741,CHI,G,26.0,43,41,0.392,1.37,3.86,0.355,0.367,-0.011
1642347,Jamal Shead,1610612761,TOR,G,23.0,59,58,0.517,1.37,3.86,0.355,0.371,-0.016
1630643,Jay Huff,1610612754,IND,C,28.0,59,58,0.341,1.34,3.85,0.348,0.366,-0.018
1642857,Kasparas Jakučionis,1610612748,MIA,G,19.0,30,28,0.446,1.43,3.83,0.374,0.363,0.011
1641757,Jordan Miller,1610612746,LAC,G,26.0,36,34,0.457,1.25,3.83,0.326,0.357,-0.031
1626181,Norman Powell,1610612748,MIA,G,32.0,48,47,0.441,1.63,3.81,0.426,0.371,0.055
1629012,Collin Sexton,1610612741,CHI,G,27.0,50,50,0.497,1.22,3.8,0.321,0.364,-0.043
1630631,Jose Alvarado,1610612752,NYK,G,27.0,49,48,0.504,1.39,3.8,0.366,0.37,-0.005
1629057,Robert Williams III,1610612757,POR,C-F,28.0,42,42,0.445,1.26,3.76,0.335,0.359,-0.024
1642277,Johnny Furphy,1610612754,IND,G,21.0,34,32,0.416,1.47,3.76,0.391,0.38,0.01
1641713,GG Jackson,1610612763,MEM,F,21.0,34,32,0.435,1.62,3.76,0.43,0.37,0.06
1630249,Vít Krejčí,1610612757,POR,G,25.0,57,55,0.415,1.54,3.7,0.417,0.369,0.048
1629216,Gabe Vincent,1610612737,ATL,G,29.0,33,32,0.542,1.64,3.7,0.443,0.374,0.068
1630170,Devin Vassell,1610612759,SAS,G-F,25.0,46,46,0.388,1.26,3.67,0.343,0.373,-0.03
1641764,Brandin Podziemski,1610612744,GSW,G,23.0,59,55,0.388,1.29,3.66,0.352,0.366,-0.014
1630557,Corey Kispert,1610612737,ATL,F,26.0,40,40,0.449,1.33,3.65,0.363,0.366,-0.003
1631107,Nikola Jović,1610612748,MIA,F,22.0,43,40,0.384,1.09,3.65,0.299,0.36,-0.061
1629014,Anfernee Simons,1610612741,CHI,G,26.0,55,54,0.409,1.27,3.64,0.35,0.361,-0.011
1627752,Taurean Prince,1610612749,MIL,F,31.0,8,8,0.5,1.63,3.63,0.448,0.36,0.089
1631323,Simone Fontecchio,1610612748,MIA,F,30.0,54,49,0.512,1.3,3.61,0.359,0.365,-0.007
1642848,Tre Johnson,1610612764,WAS,G,19.0,45,43,0.43,1.31,3.6,0.364,0.375,-0.011
1627747,Caris LeVert,1610612765,DET,G,31.0,41,40,0.458,1.32,3.59,0.367,0.373,-0.006
1641765,Olivier-Maxence Prosper,1610612763,MEM,F,23.0,29,27,0.405,1.34,3.59,0.375,0.357,0.018
1642874,Danny Wolf,1610612751,BKN,F,21.0,44,43,0.406,1.18,3.57,0.331,0.371,-0.04
1630570,Trendon Watford,1610612755,PHI,G-F,25.0,35,31,0.523,1.51,3.57,0.424,0.363,0.061
1642346,Ryan Dunn,1610612756,PHX,F,23.0,53,48,0.454,1.32,3.57,0.37,0.366,0.005
1641726,Dereck Lively II,1610612742,DAL,C,22.0,7,7,0.368,1.57,3.57,0.44,0.364,0.076
1630692,Jordan Goodwin,1610612756,PHX,G,27.0,54,50,0.474,1.35,3.56,0.38,0.368,0.012
1630163,LaMelo Ball,1610612766,CHA,G,24.0,51,50,0.436,1.47,3.55,0.414,0.368,0.046
1630551,Justin Champagnie,1610612764,WAS,G-F,24.0,51,49,0.41,1.31,3.55,0.37,0.37,0.0
1641854,Craig Porter Jr.,1610612739,CLE,G,26.0,52,51,0.413,1.25,3.54,0.353,0.362,-0.009
1641707,Taylor Hendricks,1610612763,MEM,F,22.0,40,37,0.455,1.45,3.53,0.411,0.359,0.052
1642364,Jamir Watkins,1610612764,WAS,F,24.0,27,24,0.371,1.3,3.52,0.368,0.371,-0.002
1630696,Dru Smith,1610612748,MIA,G,28.0,58,56,0.454,1.24,3.52,0.353,0.369,-0.016
1642269,Devin Carter,1610612758,SAC,G,23.0,22,19,0.527,1.64,3.5,0.468,0.362,0.106
1641731,Bilal Coulibaly,1610612764,WAS,G,21.0,38,34,0.43,1.45,3.5,0.414,0.375,0.039
203552,Seth Curry,1610612744,GSW,G,35.0,2,2,0.583,2.0,3.5,0.571,0.379,0.192
1641767,Ben Sheppard,1610612754,IND,G,24.0,49,46,0.479,1.31,3.49,0.374,0.378,-0.004
1642928,Dylan Cardwell,1610612758,SAC,C,24.0,29,27,0.327,1.28,3.48,0.366,0.363,0.004
1642954,Will Richard,1610612744,GSW,G,23.0,51,49,0.438,1.18,3.47,0.339,0.38,-0.041
1642266,Ja'Kobe Walter,1610612761,TOR,G,21.0,49,46,0.429,1.22,3.47,0.353,0.373,-0.02
1630611,Gui Santos,1610612744,GSW,F,23.0,45,38,0.415,1.24,3.47,0.359,0.371,-0.012
1642856,Egor Dëmin,1610612751,BKN,G,19.0,52,49,0.359,1.31,3.46,0.378,0.371,0.007
1642345,Oso Ighodaro,1610612756,PHX,F,23.0,60,55,0.383,1.15,3.45,0.333,0.361,-0.028
1631169,Josh Minott,1610612751,BKN,F,23.0,34,32,0.455,1.26,3.44,0.368,0.364,0.003
1641790,PJ Hall,1610612766,CHA,C,24.0,16,13,0.41,1.19,3.44,0.345,0.382,-0.036
203482,Kelly Olynyk,1610612759,SAS,F-C,34.0,31,31,0.564,1.26,3.42,0.368,0.349,0.019
1629001,De'Anthony Melton,1610612744,GSW,G,27.0,31,31,0.396,1.23,3.42,0.358,0.366,-0.007
1630188,Jalen Smith,1610612741,CHI,F-C,25.0,45,43,0.373,1.4,3.4,0.412,0.367,0.045
1629111,Jock Landale,1610612737,ATL,C,30.0,54,50,0.347,1.39,3.39,0.41,0.364,0.046
1641842,Ronald Holland II,1610612765,DET,F,20.0,54,53,0.474,1.22,3.39,0.361,0.373,-0.012
1641716,Jarace Walker,1610612754,IND,F,22.0,59,58,0.412,1.19,3.39,0.35,0.367,-0.017
1631132,Christian Koloko,1610612737,ATL,C,25.0,21,19,0.386,1.24,3.38,0.366,0.37,-0.003
1642262,Cody Williams,1610612762,UTA,F,21.0,43,38,0.426,1.44,3.37,0.428,0.367,0.06
1641737,Adem Bona,1610612755,PHI,F,22.0,50,48,0.423,1.28,3.36,0.381,0.367,0.014
1630175,Cole Anthony,1610612749,MIL,G,25.0,33,32,0.514,1.42,3.36,0.423,0.364,0.06
1627741,Buddy Hield,1610612737,ATL,G,33.0,45,45,0.428,1.36,3.36,0.404,0.367,0.037
1642849,Nolan Traore,1610612751,BKN,G,19.0,37,34,0.401,1.35,3.35,0.403,0.373,0.03
1630679,Ethan Thompson,1610612754,IND,G,26.0,20,17,0.508,1.15,3.35,0.343,0.372,-0.029
1642914,Javon Small,1610612763,MEM,G,23.0,23,21,0.464,1.17,3.35,0.351,0.337,0.014
1641772,Nae'Qwan Tomlin,1610612739,CLE,F,25.0,47,44,0.525,1.34,3.34,0.401,0.371,0.03
1642396,Blake Hinson,1610612762,UTA,F,26.0,3,3,0.556,1.33,3.33,0.4,0.372,0.028
1629640,Keldon Johnson,1610612759,SAS,F-G,26.0,59,59,0.438,1.17,3.31,0.354,0.367,-0.013
1629018,Gary Trent Jr.,1610612749,MIL,G,27.0,46,45,0.494,1.26,3.3,0.382,0.366,0.015
1628380,Zach Collins,1610612741,CHI,F-C,28.0,10,9,0.393,1.1,3.3,0.333,0.379,-0.045
1630568,Luka Garza,1610612738,BOS,C,27.0,48,44,0.411,1.29,3.29,0.392,0.362,0.031
1627827,Dorian Finney-Smith,1610612745,HOU,F,32.0,24,24,0.506,1.13,3.29,0.342,0.36,-0.018
1630172,Patrick Williams,1610612741,CHI,F,24.0,55,48,0.446,1.35,3.29,0.409,0.364,0.045
1642942,Jahmai Mashack,1610612763,MEM,G,23.0,14,13,0.387,1.07,3.29,0.326,0.326,0.001
1630534,Ochai Agbaji,1610612751,BKN,G,25.0,47,42,0.487,1.04,3.28,0.318,0.364,-0.046
1642285,Cam Spencer,1610612763,MEM,G,25.0,56,51,0.398,1.16,3.27,0.355,0.363,-0.008
1642920,Kobe Sanders,1610612746,LAC,G,23.0,48,45,0.45,1.27,3.27,0.389,0.376,0.012
1641775,Jordan Walsh,1610612738,BOS,G,21.0,51,50,0.433,1.25,3.24,0.388,0.372,0.016
203914,Gary Harris,1610612749,MIL,G,31.0,39,38,0.536,1.13,3.21,0.352,0.367,-0.015
1630526,Jeremiah Robinson-Earl,1610612742,DAL,F,25.0,21,20,0.465,1.38,3.19,0.433,0.358,0.074
1630543,Isaiah Jackson,1610612746,LAC,F,24.0,40,36,0.376,0.98,3.18,0.307,0.37,-0.063
1642948,Ryan Nembhard,1610612742,DAL,G,22.0,38,32,0.445,1.08,3.18,0.339,0.366,-0.027
1628370,Malik Monk,1610612758,SAC,G,28.0,48,44,0.441,1.1,3.17,0.349,0.366,-0.017
1642275,Tidjane Salaün,1610612766,CHA,F,20.0,34,31,0.444,1.47,3.15,0.467,0.363,0.105
1630192,Zeke Nnaji,1610612743,DEN,F-C,25.0,35,31,0.417,1.09,3.14,0.345,0.364,-0.018
1642450,Daniss Jenkins,1610612765,DET,G,24.0,46,44,0.483,1.02,3.11,0.329,0.367,-0.038
1629618,Jalen Pickett,1610612743,DEN,G,26.0,35,31,0.491,1.17,3.11,0.376,0.364,0.012
1631243,Mouhamed Gueye,1610612737,ATL,F,23.0,58,55,0.459,1.03,3.07,0.337,0.362,-0.025
1642272,Jared McCain,1610612760,OKC,G,22.0,45,40,0.434,1.16,3.04,0.38,0.359,0.02
201144,Mike Conley,1610612750,MIN,G,38.0,46,43,0.428,1.26,3.04,0.414,0.373,0.041
1628379,Luke Kennard,1610612747,LAL,G,29.0,53,50,0.413,1.23,3.02,0.406,0.358,0.048
1641711,Gradey Dick,1610612761,TOR,G-F,22.0,56,50,0.499,1.02,3.02,0.337,0.367,-0.03
1630579,Jericho Sims,1610612749,MIL,C,27.0,41,35,0.477,0.83,3.02,0.274,0.364,-0.09
1631200,Kris Murray,1610612757,POR,F,25.0,39,37,0.384,1.05,3.0,0.35,0.364,-0.014
1630224,Jalen Green,1610612756,PHX,G,24.0,12,11,0.514,0.75,3.0,0.25,0.377,-0.127
1642354,KJ Simpson,1610612743,DEN,G,23.0,14,14,0.408,0.93,3.0,0.31,0.362,-0.052
1629048,Goga Bitadze,1610612753,ORL,C-F,26.0,43,37,0.372,0.98,2.98,0.328,0.364,-0.036
1631321,Sidy Cissoko,1610612757,POR,G,21.0,53,51,0.449,1.15,2.98,0.386,0.355,0.031
1642382,Branden Carlson,1610612760,OKC,C,26.0,32,30,0.436,1.38,2.97,0.463,0.335,0.128
1630264,Anthony Gill,1610612764,WAS,F,33.0,25,22,0.46,1.04,2.96,0.351,0.363,-0.012
1642864,Hugo González,1610612738,BOS,G,20.0,53,50,0.477,1.0,2.94,0.34,0.363,-0.023
1631342,Daeqwon Plowden,1610612758,SAC,G-F,27.0,12,12,0.438,1.08,2.92,0.371,0.35,0.021
1629006,Josh Okogie,1610612745,HOU,G,27.0,54,50,0.451,1.17,2.91,0.401,0.363,0.038
1642879,Ben Saraf,1610612751,BKN,G,19.0,23,19,0.411,0.91,2.91,0.313,0.373,-0.059
1630549,Day'Ron Sharpe,1610612751,BKN,C,24.0,57,48,0.371,1.07,2.89,0.37,0.366,0.004
1631093,Jaden Ivey,1610612741,CHI,G,24.0,37,33,0.428,1.03,2.89,0.355,0.369,-0.014
1630560,Cam Thomas,1610612749,MIL,G,24.0,32,29,0.404,1.13,2.88,0.391,0.364,0.027
1628988,Aaron Holiday,1610612745,HOU,G,29.0,34,31,0.505,0.82,2.88,0.286,0.362,-0.076
1641774,Tristan Vukcevic,1610612764,WAS,F,22.0,36,29,0.36,1.0,2.86,0.35,0.356,-0.007
1629750,Javonte Green,1610612765,DET,G,32.0,57,53,0.442,1.04,2.86,0.362,0.371,-0.01
1631255,Karlo Matković,1610612740,NOP,F-C,24.0,47,40,0.411,0.94,2.85,0.328,0.359,-0.03
1642844,Dylan Harper,1610612759,SAS,G,19.0,48,44,0.41,1.0,2.85,0.35,0.363,-0.013
1631213,Tyrese Martin,1610612755,PHI,F,26.0,38,33,0.45,1.11,2.84,0.389,0.368,0.021
1631126,Caleb Love,1610612757,POR,G,24.0,43,39,0.438,0.81,2.81,0.289,0.365,-0.076
1630536,Sharife Cooper,1610612764,WAS,G,24.0,16,14,0.479,1.0,2.81,0.356,0.348,0.007
1629234,Drew Eubanks,1610612758,SAC,F-C,29.0,35,29,0.392,1.11,2.8,0.398,0.374,0.024
1631250,Pete Nance,1610612749,MIL,F,26.0,19,17,0.408,1.11,2.79,0.396,0.361,0.035
1630703,Scoot Henderson,1610612757,POR,G,22.0,9,8,0.338,1.0,2.78,0.36,0.374,-0.014
203484,Kentavious Caldwell-Pope,1610612763,MEM,G,33.0,50,48,0.483,1.2,2.76,0.435,0.368,0.067
203903,Jordan Clarkson,1610612752,NYK,G,33.0,51,50,0.423,1.25,2.75,0.457,0.354,0.103
202691,Klay Thompson,1610612742,DAL,G,36.0,53,51,0.418,0.87,2.74,0.317,0.364,-0.046
1629723,John Konchar,1610612762,UTA,G,29.0,35,32,0.372,0.57,2.74,0.208,0.363,-0.155
1628467,Maxi Kleber,1610612747,LAL,F,34.0,30,24,0.427,1.13,2.73,0.415,0.369,0.046
201567,Kevin Love,1610612762,UTA,F-C,37.0,31,31,0.337,0.84,2.71,0.31,0.365,-0.055
1641747,DaRon Holmes II,1610612743,DEN,F,23.0,16,12,0.417,0.94,2.69,0.349,0.37,-0.021
1628975,Jevon Carter,1610612753,ORL,G,30.0,25,23,0.472,0.96,2.68,0.358,0.356,0.002
1630165,Killian Hayes,1610612758,SAC,G,24.0,3,2,0.471,0.67,2.67,0.25,0.386,-0.136
201587,Nicolas Batum,1610612746,LAC,G-F,37.0,54,49,0.409,1.22,2.63,0.465,0.366,0.099
1631172,Ousmane Dieng,1610612749,MIL,F,22.0,35,30,0.434,0.71,2.63,0.272,0.357,-0.085
1642353,Cam Christie,1610612746,LAC,G,20.0,35,32,0.558,1.0,2.63,0.38,0.369,0.012
1630194,Paul Reed,1610612765,DET,F,26.0,41,37,0.364,0.61,2.63,0.231,0.37,-0.139
203939,Dwight Powell,1610612742,DAL,F-C,34.0,39,32,0.336,1.13,2.62,0.431,0.367,0.064
1631248,Baylor Scheierman,1610612738,BOS,G,25.0,51,46,0.43,0.98,2.61,0.376,0.36,0.016
1631124,Julian Strawther,1610612743,DEN,G,23.0,33,29,0.489,1.21,2.61,0.465,0.364,0.101
1628420,Monte Morris,1610612754,IND,G,30.0,5,4,0.464,0.2,2.6,0.077,0.355,-0.278
1641722,Jordan Hawkins,1610612740,NOP,G,23.0,37,32,0.457,0.86,2.59,0.333,0.361,-0.028
1630544,Tre Mann,1610612766,CHA,G,25.0,38,31,0.412,1.34,2.58,0.52,0.366,0.155
1629020,Jarred Vanderbilt,1610612747,LAL,F,26.0,48,43,0.403,0.75,2.56,0.293,0.372,-0.08
1642860,Will Riley,1610612764,WAS,F,20.0,47,38,0.426,0.79,2.55,0.308,0.363,-0.055
1630182,Josh Green,1610612766,CHA,G,25.0,37,35,0.516,0.59,2.54,0.234,0.369,-0.135
202685,Jonas Valančiūnas,1610612743,DEN,C,33.0,48,41,0.353,1.19,2.54,0.467,0.355,0.112
204456,T.J. McConnell,1610612754,IND,G,33.0,43,41,0.487,0.91,2.53,0.358,0.378,-0.02
1630214,Xavier Tillman,1610612766,CHA,F,27.0,17,9,0.538,1.0,2.53,0.395,0.375,0.02
1630538,Bones Hyland,1610612750,MIN,G,25.0,49,40,0.392,0.94,2.51,0.374,0.363,0.011
1630592,Jalen Wilson,1610612751,BKN,F,25.0,37,35,0.472,1.08,2.51,0.43,0.366,0.064
1643133,Lawson Lovering,1610612763,MEM,C,22.0,2,2,0.185,0.5,2.5,0.2,0.36,-0.16
201569,Eric Gordon,1610612755,PHI,G,37.0,6,5,0.652,1.0,2.5,0.4,0.348,0.052
1642449,Tolu Smith,1610612765,DET,F,25.0,6,5,0.441,0.83,2.5,0.333,0.372,-0.039
1641815,Isaiah Stevens,1610612758,SAC,G,25.0,2,2,0.5,2.0,2.5,0.8,0.338,0.462
1642869,Noah Penda,1610612753,ORL,G-F,21.0,38,33,0.378,0.95,2.47,0.383,0.365,0.018
1630311,Pat Spencer,1610612744,GSW,G,29.0,37,32,0.351,0.92,2.46,0.374,0.366,0.007
1642348,Justin Edwards,1610612755,PHI,F,22.0,37,34,0.435,1.08,2.46,0.44,0.368,0.072
1641738,Kobe Brown,1610612754,IND,F,26.0,37,31,0.529,1.08,2.46,0.44,0.353,0.086
1630811,Keaton Wallace,1610612737,ATL,G,27.0,37,31,0.506,0.92,2.46,0.374,0.35,0.024
1641733,Nick Smith Jr.,1610612747,LAL,G,21.0,22,19,0.482,0.91,2.45,0.37,0.363,0.008
1641755,Kevin McCullar Jr.,1610612752,NYK,G,24.0,11,10,0.529,0.82,2.45,0.333,0.362,-0.029
1631123,Jamaree Bouyea,1610612756,PHX,G,26.0,32,26,0.415,0.78,2.44,0.321,0.367,-0.047
1631166,Drew Timme,1610612747,LAL,F,25.0,14,11,0.486,0.93,2.43,0.382,0.359,0.023
1627780,Gary Payton II,1610612744,GSW,G,33.0,52,43,0.439,0.92,2.4,0.384,0.367,0.017
1642278,Tyler Kolek,1610612752,NYK,G,24.0,45,42,0.462,0.89,2.4,0.37,0.359,0.012
1642854,Asa Newell,1610612737,ATL,F,20.0,36,29,0.428,0.86,2.39,0.36,0.361,0.0
1626204,Larry Nance Jr.,1610612739,CLE,F-C,33.0,26,25,0.459,0.92,2.38,0.387,0.366,0.021
1628396,Tony Bradley,1610612754,IND,C-F,28.0,32,27,0.439,0.94,2.38,0.395,0.368,0.027
1628449,Chris Boucher,1610612738,BOS,F,33.0,8,7,0.388,0.75,2.38,0.316,0.352,-0.036
1630619,Moussa Cisse,1610612742,DAL,C,23.0,30,24,0.353,0.83,2.37,0.352,0.37,-0.017
1629026,Kenrich Williams,1610612760,OKC,G-F,31.0,39,34,0.455,1.15,2.36,0.489,0.358,0.131
1629021,Moritz Wagner,1610612753,ORL,F-C,28.0,17,16,0.494,1.12,2.35,0.475,0.35,0.125
1641740,Jaylen Clark,1610612750,MIN,G,24.0,53,48,0.432,0.77,2.34,0.331,0.376,-0.045
1630208,Nick Richards,1610612741,CHI,C,28.0,35,32,0.358,0.97,2.34,0.415,0.373,0.042
1642962,Drake Powell,1610612751,BKN,G-F,20.0,45,32,0.413,0.82,2.33,0.352,0.368,-0.016
1642933,Keshon Gilbert,1610612764,WAS,G,22.0,3,2,0.368,1.33,2.33,0.571,0.348,0.223
1642384,Isaiah Crawford,1610612745,HOU,F,24.0,3,3,0.7,0.0,2.33,0.0,0.375,-0.375
1642877,Micah Peavy,1610612740,NOP,G-F,24.0,45,41,0.488,0.73,2.31,0.317,0.359,-0.042
1628997,Caleb Martin,1610612742,DAL,F,30.0,49,41,0.365,0.78,2.29,0.339,0.38,-0.041
1642905,Yang Hansen,1610612757,POR,C,20.0,35,27,0.435,0.94,2.29,0.413,0.361,0.051
1628418,Thomas Bryant,1610612739,CLE,C-F,28.0,39,36,0.37,1.1,2.26,0.489,0.363,0.125
1641725,Trey Alexander,1610612740,NOP,G,22.0,4,4,0.474,0.75,2.25,0.333,0.386,-0.052
1642530,Yuki Kawamura,1610612741,CHI,G,24.0,4,3,0.333,1.25,2.25,0.556,0.361,0.195
101108,Chris Paul,1610612746,LAC,G,40.0,16,14,0.444,0.75,2.25,0.333,0.337,-0.004
1630164,James Wiseman,1610612754,IND,C,24.0,4,4,0.36,1.0,2.25,0.444,0.41,0.034
1628998,Cody Martin,1610612754,IND,F,30.0,4,4,0.429,0.5,2.25,0.222,0.358,-0.136
1641715,Cam Whitmore,1610612764,WAS,F,21.0,21,19,0.416,0.81,2.24,0.362,0.372,-0.01
1642868,Carter Bryant,1610612759,SAS,F,20.0,45,38,0.49,0.82,2.22,0.37,0.348,0.022
1642918,Alijah Martin,1610612761,TOR,G,24.0,10,9,0.458,0.5,2.2,0.227,0.355,-0.128
203967,Dario Saric,1610612758,SAC,F-C,31.0,5,5,0.458,0.8,2.2,0.364,0.326,0.037
203991,Clint Capela,1610612745,HOU,C,31.0,52,49,0.363,0.6,2.19,0.272,0.35,-0.078
1642873,Amari Williams,1610612738,BOS,F-C,24.0,11,11,0.49,0.64,2.18,0.292,0.339,-0.047
1642261,Dalton Knecht,1610612747,LAL,F,24.0,36,29,0.443,0.89,2.17,0.41,0.364,0.046
1631218,Trayce Jackson-Davis,1610612761,TOR,F,26.0,37,29,0.319,0.73,2.14,0.342,0.351,-0.009
203486,Mason Plumlee,1610612759,SAS,F-C,35.0,14,11,0.375,0.93,2.14,0.433,0.365,0.069
1626145,Tyus Jones,1610612742,DAL,G,29.0,56,48,0.415,0.86,2.13,0.403,0.366,0.037
1641752,Bobi Klintman,1610612765,DET,F,22.0,8,6,0.68,1.0,2.13,0.471,0.327,0.144
1641989,Elijah Harkless,1610612762,UTA,G,26.0,9,8,0.388,1.0,2.11,0.474,0.37,0.104
1641871,Duop Reath,1610612757,POR,C,29.0,28,26,0.437,0.57,2.11,0.271,0.356,-0.085
1630574,Ariel Hukporti,1610612752,NYK,C,23.0,38,29,0.415,0.66,2.11,0.313,0.362,-0.049
1642484,RayJ Dennis,1610612737,ATL,G,24.0,12,11,0.446,1.08,2.08,0.52,0.369,0.151
1631204,Marcus Sasser,1610612765,DET,G,25.0,14,12,0.492,0.71,2.07,0.345,0.342,0.003
1631207,Dalen Terry,1610612755,PHI,F,23.0,32,24,0.41,0.81,2.06,0.394,0.362,0.032
1627824,Guerschon Yabusele,1610612741,CHI,F,30.0,49,40,0.417,0.76,2.04,0.37,0.363,0.007
1641763,Julian Phillips,1610612750,MIN,F,22.0,31,24,0.534,0.74,2.03,0.365,0.36,0.006
1629599,Amir Coffey,1610612756,PHX,G-F,28.0,30,22,0.508,0.77,2.0,0.383,0.359,0.024
1631110,Jeremy Sochan,1610612752,NYK,F,22.0,31,26,0.38,0.84,2.0,0.419,0.361,0.058
1629726,Garrison Mathews,1610612754,IND,G,29.0,14,12,0.384,0.57,2.0,0.286,0.362,-0.077
1630644,Mac McClung,1610612741,CHI,G,27.0,3,3,0.316,1.0,2.0,0.5,0.363,0.137
200768,Kyle Lowry,1610612755,PHI,G,39.0,4,3,0.471,0.5,2.0,0.25,0.34,-0.09
1627746,Skal Labissiere,1610612764,WAS,F-C,29.0,3,3,0.3,0.67,2.0,0.333,0.336,-0.002
1631111,Wendell Moore Jr.,1610612765,DET,G,24.0,5,3,0.417,0.2,2.0,0.1,0.359,-0.259
1631131,Oscar Tshiebwe,1610612762,UTA,F-C,26.0,5,4,0.455,1.2,2.0,0.6,0.369,0.231
1642884,Vladislav Goldin,1610612748,MIA,C,24.0,1,1,0.5,1.0,2.0,0.5,0.286,0.214
1630702,Jaden Hardy,1610612764,WAS,G,23.0,33,29,0.4,0.61,1.94,0.313,0.368,-0.055
1631159,Leonard Miller,1610612741,CHI,F,22.0,16,14,0.477,0.63,1.94,0.323,0.365,-0.043
1642862,Liam McNeeley,1610612766,CHA,F,20.0,26,24,0.446,0.81,1.92,0.42,0.361,0.059
1641712,Rayan Rupert,1610612763,MEM,G-F,21.0,47,39,0.427,0.66,1.91,0.344,0.359,-0.015
1642878,Tyrese Proctor,1610612739,CLE,G,21.0,36,28,0.459,0.53,1.89,0.279,0.356,-0.077
1626192,Pat Connaughton,1610612766,CHA,G,33.0,22,16,0.451,0.73,1.86,0.39,0.354,0.036
1642880,Kam Jones,1610612754,IND,G,24.0,20,17,0.366,0.6,1.85,0.324,0.365,-0.041
1642964,Brooks Barnhizer,1610612760,OKC,G,23.0,27,22,0.485,0.89,1.78,0.5,0.354,0.146
1642949,Yanic Konan Niederhäuser,1610612746,LAC,C,22.0,31,23,0.304,0.74,1.77,0.418,0.365,0.053
1626166,Cameron Payne,1610612755,PHI,G,31.0,4,4,0.368,0.75,1.75,0.429,0.391,0.037
203926,Doug McDermott,1610612758,SAC,F,34.0,11,8,0.396,0.36,1.73,0.211,0.364,-0.153
1642066,Myron Gardner,1610612748,MIA,F,24.0,25,19,0.443,0.52,1.72,0.302,0.379,-0.077
1641998,Trey Jemison III,1610612752,NYK,C,26.0,7,6,0.48,0.57,1.71,0.333,0.315,0.018
1643007,Taelon Peter,1610612754,IND,G,24.0,23,15,0.355,0.7,1.7,0.41,0.368,0.043
1631104,Blake Wesley,1610612757,POR,G,22.0,16,12,0.435,0.56,1.69,0.333,0.372,-0.038
201145,Jeff Green,1610612745,HOU,F,39.0,16,12,0.6,0.31,1.69,0.185,0.326,-0.141
1631133,Jabari Walker,1610612755,PHI,F,23.0,49,38,0.39,0.55,1.69,0.325,0.361,-0.036
1631103,Malaki Branham,1610612764,WAS,F,22.0,25,15,0.442,0.52,1.68,0.31,0.371,-0.061
1642260,Nikola Topić,1610612760,OKC,G,20.0,3,3,0.333,0.33,1.67,0.2,0.391,-0.191
1631288,Jamal Cain,1610612753,ORL,F,26.0,16,15,0.388,0.44,1.63,0.269,0.362,-0.093
202687,Bismack Biyombo,1610612759,SAS,C,33.0,13,10,0.5,0.69,1.62,0.429,0.327,0.101
1630587,Isaiah Livers,1610612756,PHX,F,27.0,31,26,0.38,0.48,1.58,0.306,0.365,-0.059
1642885,Mohamed Diawara,1610612752,NYK,F,20.0,41,33,0.489,0.59,1.56,0.375,0.354,0.021
1630545,Terrence Shannon Jr.,1610612750,MIN,G-F,25.0,25,16,0.419,0.56,1.56,0.359,0.371,-0.012
1642358,AJ Johnson,1610612742,DAL,G,21.0,27,19,0.467,0.63,1.56,0.405,0.363,0.042
1630256,Jae'Sean Tate,1610612745,HOU,F,30.0,28,22,0.381,0.39,1.54,0.256,0.357,-0.101
1642853,Rasheer Fleming,1610612756,PHX,F,21.0,28,24,0.43,0.5,1.54,0.326,0.343,-0.018
1642866,Joan Beringer,1610612750,MIN,F,19.0,27,22,0.366,0.44,1.52,0.293,0.356,-0.063
1631116,Patrick Baldwin Jr.,1610612758,SAC,F,23.0,4,4,0.545,1.0,1.5,0.667,0.385,0.282
1642352,Keshad Johnson,1610612748,MIA,F,24.0,16,13,0.381,0.44,1.5,0.292,0.358,-0.066
1642282,Hunter Sallis,1610612755,PHI,G,22.0,4,4,0.5,0.25,1.5,0.167,0.355,-0.188
1628964,Mo Bamba,1610612762,UTA,C,27.0,2,2,0.3,0.5,1.5,0.333,0.349,-0.016
1631205,Buddy Boeheim,1610612760,OKC,F,26.0,2,2,0.25,0.5,1.5,0.333,0.402,-0.068
1642910,John Tonje,1610612738,BOS,G,24.0,2,2,0.6,1.0,1.5,0.667,0.378,0.288
1641787,Tosan Evbuomwan,1610612766,CHA,F,25.0,2,2,0.75,0.5,1.5,0.333,0.387,-0.054
1642265,Rob Dillingham,1610612741,CHI,G,21.0,40,30,0.347,0.4,1.48,0.271,0.351,-0.08
1642939,Miles Kelly,1610612742,DAL,G,23.0,9,7,0.342,0.67,1.44,0.462,0.367,0.094
1641780,Johni Broome,1610612755,PHI,F,23.0,7,5,0.323,0.43,1.43,0.3,0.306,-0.006
1641810,Antonio Reeves,1610612766,CHA,G,25.0,7,5,0.588,0.57,1.43,0.4,0.364,0.037
1628371,Jonathan Isaac,1610612753,ORL,F,28.0,43,35,0.357,0.47,1.42,0.328,0.359,-0.031
1630322,Lindy Waters III,1610612759,SAS,F,28.0,24,18,0.567,0.54,1.42,0.382,0.355,0.028
1629162,Jordan McLaughlin,1610612759,SAS,G,29.0,22,17,0.492,0.68,1.41,0.484,0.365,0.119
1631120,JD Davison,1610612745,HOU,G,23.0,20,12,0.378,0.5,1.4,0.357,0.363,-0.005
1642863,Khaman Maluach,1610612756,PHX,C,19.0,24,18,0.434,0.38,1.38,0.273,0.361,-0.088
1631199,Ron Harper Jr.,1610612738,BOS,G-F,25.0,13,8,0.375,0.23,1.38,0.167,0.358,-0.191
1642959,Chris Youngblood,1610612760,OKC,G,24.0,21,17,0.452,0.57,1.33,0.429,0.342,0.086
1641724,Jett Howard,1610612753,ORL,G,22.0,34,23,0.366,0.59,1.32,0.444,0.382,0.063
1642859,Jase Richardson,1610612753,ORL,G,20.0,37,20,0.336,0.41,1.32,0.306,0.366,-0.059
1642419,Jamison Battle,1610612761,TOR,F,24.0,35,28,0.411,0.49,1.31,0.37,0.351,0.019
1641816,Hunter Tyson,1610612743,DEN,F,25.0,20,13,0.419,0.35,1.3,0.269,0.36,-0.091
1630639,A.J. Lawson,1610612761,TOR,G,25.0,11,9,0.438,0.45,1.27,0.357,0.377,-0.02
1642950,Lachlan Olbrich,1610612741,CHI,C,22.0,15,11,0.413,0.53,1.27,0.421,0.366,0.055
1641748,Andre Jackson Jr.,1610612749,MIL,G,24.0,23,16,0.42,0.43,1.26,0.345,0.343,0.002
1642357,David Jones Garcia,1610612759,SAS,G,24.0,8,4,0.323,0.5,1.25,0.4,0.382,0.018
1642886,Koby Brea,1610612756,PHX,G,23.0,4,2,0.417,0.5,1.25,0.4,0.34,0.06
1642367,Jonathan Mogbo,1610612761,TOR,F,24.0,17,9,0.333,0.41,1.24,0.333,0.384,-0.051
1642355,Bronny James,1610612747,LAL,G,21.0,24,18,0.403,0.33,1.21,0.276,0.349,-0.073
1642938,Curtis Jones,1610612743,DEN,G,24.0,5,4,0.545,0.4,1.2,0.333,0.348,-0.014
1641723,Kobe Bufkin,1610612747,LAL,G,22.0,5,3,0.375,0.4,1.2,0.333,0.353,-0.02
1630548,Johnny Juzang,1610612750,MIN,G,24.0,16,13,0.563,0.38,1.13,0.333,0.373,-0.04
1642876,Adou Thiero,1610612747,LAL,G,21.0,15,9,0.415,0.67,1.13,0.588,0.356,0.233
1630623,Tyson Etienne,1610612751,BKN,G,26.0,5,3,0.417,0.0,1.0,0.0,0.25,-0.25
1642443,Jahmir Young,1610612748,MIA,G,25.0,6,4,0.429,0.33,1.0,0.333,0.363,-0.03
1641809,Drew Peterson,1610612766,CHA,F,26.0,6,4,0.3,0.17,1.0,0.167,0.344,-0.177
1631115,Orlando Robinson,1610612753,ORL,C,25.0,4,2,0.235,0.75,1.0,0.75,0.402,0.348
1642403,Isaac Jones,1610612765,DET,F,25.0,3,1,0.429,0.33,1.0,0.333,0.371,-0.038
1642917,Max Shulga,1610612738,BOS,G,23.0,1,1,1.0,0.0,1.0,0.0,0.423,-0.423
1642935,Chucky Hepburn,1610612761,TOR,G,23.0,2,1,0.333,1.0,1.0,1.0,0.405,0.595
1641753,Chris Livingston,1610612739,CLE,F,22.0,1,1,0.333,0.0,1.0,0.0,0.363,-0.363
1631211,Trevor Keels,1610612748,MIA,G,22.0,1,1,1.0,0.0,1.0,0.0,0.273,-0.273
1630649,Stanley Umude,1610612759,SAS,G,26.0,1,1,1.0,1.0,1.0,1.0,0.4,0.6
1643018,LJ Cryer,1610612744,GSW,G,24.0,1,1,1.0,1.0,1.0,1.0,0.333,0.667
1642404,Chaz Lanier,1610612765,DET,G,24.0,12,6,0.314,0.25,0.92,0.273,0.351,-0.078
204060,Joe Ingles,1610612750,MIN,F-G,38.0,10,5,0.474,0.3,0.9,0.333,0.345,-0.012
1628502,Nigel Hayes-Davis,1610612756,PHX,F,31.0,18,10,0.308,0.28,0.89,0.313,0.374,-0.062
1629680,Matisse Thybulle,1610612757,POR,G-F,28.0,9,5,0.286,0.33,0.89,0.375,0.4,-0.025
202066,Garrett Temple,1610612761,TOR,G-F,39.0,8,5,0.538,0.13,0.88,0.143,0.344,-0.201
1642502,Malevy Leons,1610612744,GSW,F,26.0,6,3,0.417,0.67,0.83,0.8,0.398,0.402
1631247,Luke Travers,1610612739,CLE,F,24.0,11,7,0.273,0.45,0.82,0.556,0.356,0.2
1641813,Mark Sears,1610612749,MIL,G,24.0,5,3,0.4,0.4,0.8,0.5,0.362,0.138
1641801,Emanuel Miller,1610612759,SAS,F,25.0,5,2,0.364,0.4,0.8,0.5,0.342,0.158
1641794,Dillon Jones,1610612752,NYK,F,24.0,5,3,0.5,0.2,0.8,0.25,0.237,0.013
1631102,TyTy Washington Jr.,1610612746,LAC,G,24.0,4,2,0.25,0.5,0.75,0.667,0.355,0.311
1643024,Chris Mañon,1610612747,LAL,G,24.0,4,3,0.3,0.25,0.75,0.333,0.355,-0.022
1631451,Javonte Cooke,1610612757,POR,G,26.0,16,6,0.297,0.25,0.69,0.364,0.375,-0.011
203648,Thanasis Antetokounmpo,1610612749,MIL,F,33.0,12,5,0.471,0.17,0.67,0.25,0.342,-0.092
1642434,Riley Minix,1610612739,CLE,F,25.0,3,2,0.4,0.0,0.67,0.0,0.472,-0.472
1643141,Jahmyl Telfort,1610612746,LAC,G,24.0,3,2,0.286,0.0,0.67,0.0,0.437,-0.437
1629646,Charles Bassey,1610612755,PHI,C-F,25.0,3,2,0.2,0.67,0.67,1.0,0.381,0.62
1642400,Tristan Enaruna,1610612739,CLE,F,24.0,3,2,0.5,0.33,0.67,0.5,0.344,0.156
1642368,N'Faly Dante,1610612737,ATL,C,24.0,3,1,0.25,0.0,0.67,0.0,0.382,-0.382
1630604,E.J. Liddell,1610612751,BKN,F,25.0,8,2,0.333,0.25,0.63,0.4,0.403,-0.003
1631127,Harrison Ingram,1610612759,SAS,F,23.0,4,2,0.4,0.25,0.5,0.5,0.402,0.099
1642402,Enrique Freeman,1610612750,MIN,F,25.0,2,1,0.167,0.0,0.5,0.0,0.143,-0.143
1631210,Jacob Toppin,1610612737,ATL,F,25.0,2,1,0.5,0.0,0.5,0.0,0.303,-0.303
1642280,Trentyn Flowers,1610612741,CHI,F,20.0,2,1,0.5,0.0,0.5,0.0,0.366,-0.366
1629634,Brandon Clarke,1610612763,MEM,F,29.0,2,1,0.143,0.0,0.5,0.0,0.382,-0.382
1631216,Caleb Houstan,1610612737,ATL,G,23.0,5,2,0.25,0.4,0.4,1.0,0.313,0.688
1642359,Pacôme Dadiet,1610612752,NYK,F,20.0,12,4,0.2,0.17,0.33,0.5,0.387,0.113
1630625,Dalano Banton,1610612738,BOS,F,26.0,3,1,0.2,0.33,0.33,1.0,0.278,0.722
