CLOSE_DEF_PERSON_ID,PLAYER_NAME,PLAYER_LAST_TEAM_ID,PLAYER_LAST_TEAM_ABBREVIATION,PLAYER_POSITION,AGE,GP,G,FREQ,FGM_LT_06,FGA_LT_06,LT_06_PCT,NS_LT_06_PCT,PLUSMINUS
1642259,Alex Sarr,1610612764,WAS,C,20.0,41,41,0.544,5.46,9.9,0.552,0.639,-0.087
1631117,Walker Kessler,1610612762,UTA,C,24.0,5,5,0.558,5.2,8.6,0.605,0.641,-0.036
1630596,Evan Mobley,1610612739,CLE,C,24.0,46,46,0.461,4.15,7.91,0.525,0.639,-0.115
1643133,Lawson Lovering,1610612763,MEM,C,22.0,2,2,0.556,5.0,7.5,0.667,0.64,0.026
203999,Nikola Jokić,1610612743,DEN,C,31.0,44,44,0.399,4.64,7.2,0.644,0.636,0.008
1627734,Domantas Sabonis,1610612758,SAC,F-C,29.0,19,19,0.477,4.84,7.16,0.676,0.65,0.026
1630578,Alperen Sengun,1610612745,HOU,C,23.0,50,50,0.403,4.24,7.1,0.597,0.645,-0.048
1642852,Derik Queen,1610612740,NOP,C,21.0,59,56,0.44,4.17,7.05,0.591,0.651,-0.059
1641778,Leaky Black,1610612764,WAS,F,26.0,1,1,0.636,2.0,7.0,0.286,0.623,-0.338
1631099,Keegan Murray,1610612758,SAC,F,25.0,23,23,0.5,4.26,6.96,0.613,0.639,-0.026
203954,Joel Embiid,1610612755,PHI,C-F,31.0,33,33,0.441,4.15,6.94,0.598,0.642,-0.044
1642270,Donovan Clingan,1610612757,POR,C,22.0,55,55,0.332,3.69,6.75,0.547,0.641,-0.094
203497,Rudy Gobert,1610612750,MIN,C,33.0,57,57,0.381,3.51,6.56,0.535,0.634,-0.099
1631096,Chet Holmgren,1610612760,OKC,C-F,23.0,53,53,0.445,3.13,6.4,0.49,0.637,-0.148
1626167,Myles Turner,1610612749,MIL,C-F,29.0,54,53,0.423,3.72,6.37,0.584,0.638,-0.053
202696,Nikola Vučević,1610612738,BOS,C,35.0,56,56,0.383,4.07,6.32,0.644,0.645,-0.001
1642843,Cooper Flagg,1610612742,DAL,F,19.0,49,49,0.416,3.73,6.31,0.592,0.633,-0.041
1629023,P.J. Washington,1610612742,DAL,F,27.0,42,41,0.416,3.62,6.21,0.582,0.641,-0.059
1641824,Matas Buzelis,1610612741,CHI,F,21.0,60,60,0.433,3.48,6.17,0.565,0.63,-0.065
1629651,Nic Claxton,1610612751,BKN,C,26.0,54,54,0.455,3.56,6.11,0.582,0.634,-0.052
1630567,Scottie Barnes,1610612761,TOR,F-G,24.0,57,57,0.419,3.74,6.09,0.614,0.634,-0.02
1641705,Victor Wembanyama,1610612759,SAS,F-C,22.0,45,44,0.359,3.4,6.07,0.56,0.648,-0.087
1631109,Mark Williams,1610612756,PHX,C,24.0,55,55,0.426,3.96,6.05,0.655,0.647,0.008
203076,Anthony Davis,1610612764,WAS,F-C,32.0,20,20,0.383,3.3,6.0,0.55,0.644,-0.094
1641730,Noah Clowney,1610612751,BKN,F-C,21.0,53,52,0.433,3.96,5.96,0.665,0.633,0.032
1629029,Luka Dončić,1610612747,LAL,F-G,27.0,46,45,0.359,3.98,5.93,0.67,0.634,0.037
1630552,Jalen Johnson,1610612737,ATL,F,24.0,54,54,0.455,3.69,5.91,0.624,0.633,-0.009
1630168,Onyeka Okongwu,1610612737,ATL,F-C,25.0,55,55,0.392,3.69,5.89,0.627,0.636,-0.009
1631217,Moussa Diabaté,1610612766,CHA,F,24.0,52,52,0.441,3.65,5.83,0.627,0.647,-0.02
1642875,Maxime Raynaud,1610612758,SAC,C,22.0,53,50,0.437,3.81,5.74,0.664,0.649,0.015
1642273,Kyshawn George,1610612764,WAS,F,22.0,46,46,0.353,3.43,5.65,0.608,0.638,-0.03
1627826,Ivica Zubac,1610612754,IND,C,28.0,43,43,0.361,3.0,5.65,0.531,0.643,-0.112
1630183,Jaden McDaniels,1610612750,MIN,F,25.0,58,56,0.39,2.93,5.62,0.521,0.636,-0.115
1630583,Santi Aldama,1610612763,MEM,F-C,25.0,43,42,0.398,3.44,5.6,0.614,0.636,-0.022
204001,Kristaps Porziņģis,1610612744,GSW,F-C,30.0,18,18,0.403,2.94,5.56,0.53,0.65,-0.12
1627751,Jakob Poeltl,1610612761,TOR,C,30.0,25,25,0.425,3.52,5.56,0.633,0.636,-0.003
1628436,Luke Kornet,1610612759,SAS,C-F,30.0,49,48,0.353,3.16,5.55,0.57,0.645,-0.075
1628991,Jaren Jackson Jr.,1610612762,UTA,F-C,26.0,48,46,0.37,3.1,5.52,0.562,0.628,-0.066
1630530,Trey Murphy III,1610612740,NOP,F,25.0,52,52,0.402,3.58,5.5,0.65,0.647,0.004
1630643,Jay Huff,1610612754,IND,C,28.0,59,58,0.483,3.17,5.46,0.581,0.634,-0.053
1629638,Nickeil Alexander-Walker,1610612737,ATL,G,27.0,58,57,0.413,3.55,5.41,0.656,0.622,0.034
1631094,Paolo Banchero,1610612753,ORL,F,23.0,48,47,0.403,3.15,5.4,0.583,0.635,-0.052
1629028,Deandre Ayton,1610612747,LAL,C,27.0,50,50,0.383,3.18,5.38,0.591,0.638,-0.047
1628386,Jarrett Allen,1610612739,CLE,C,27.0,49,49,0.414,3.04,5.35,0.569,0.649,-0.08
1627783,Pascal Siakam,1610612754,IND,F,31.0,52,51,0.388,3.44,5.35,0.644,0.639,0.005
1630695,Micah Potter,1610612754,IND,C,27.0,26,26,0.457,3.38,5.31,0.638,0.634,0.004
1628401,Derrick White,1610612738,BOS,G,31.0,57,57,0.362,2.79,5.3,0.526,0.617,-0.09
1642845,VJ Edgecombe,1610612755,PHI,G,20.0,55,54,0.402,3.31,5.22,0.634,0.629,0.005
1642276,Kel'el Ware,1610612748,MIA,C,21.0,56,55,0.431,3.23,5.18,0.624,0.653,-0.029
1629674,Neemias Queta,1610612738,BOS,C,26.0,55,55,0.412,2.73,5.18,0.526,0.636,-0.109
1630581,Josh Giddey,1610612741,CHI,G,23.0,39,39,0.383,3.33,5.18,0.644,0.63,0.014
1641750,Ryan Kalkbrenner,1610612766,CHA,C,24.0,48,45,0.394,2.85,5.17,0.552,0.643,-0.091
1629639,Tyler Herro,1610612748,MIA,G,26.0,15,15,0.405,2.93,5.13,0.571,0.605,-0.034
1641739,Toumani Camara,1610612757,POR,F,25.0,60,59,0.359,3.48,5.12,0.681,0.632,0.048
1628404,Josh Hart,1610612752,NYK,G,30.0,48,47,0.354,3.21,5.02,0.639,0.638,0.001
1630700,Dyson Daniels,1610612737,ATL,G,22.0,58,58,0.349,2.93,5.0,0.586,0.626,-0.04
1641706,Brandon Miller,1610612766,CHA,F,23.0,43,41,0.4,2.84,5.0,0.567,0.63,-0.062
1631212,Peyton Watson,1610612743,DEN,G,23.0,49,47,0.367,3.12,4.96,0.63,0.632,-0.003
1631095,Jabari Smith Jr.,1610612745,HOU,F,22.0,57,57,0.373,2.79,4.96,0.562,0.627,-0.065
1629655,Daniel Gafford,1610612742,DAL,F-C,27.0,42,42,0.398,2.67,4.95,0.538,0.652,-0.113
1641710,Anthony Black,1610612753,ORL,G,22.0,58,57,0.368,3.21,4.91,0.653,0.623,0.029
1631105,Jalen Duren,1610612765,DET,C,22.0,48,48,0.391,2.85,4.85,0.588,0.641,-0.053
1627750,Jamal Murray,1610612743,DEN,G,29.0,55,54,0.338,3.38,4.85,0.697,0.626,0.071
203994,Jusuf Nurkić,1610612762,UTA,C,31.0,41,41,0.357,2.93,4.85,0.603,0.655,-0.052
1630595,Cade Cunningham,1610612765,DET,G,24.0,52,50,0.348,2.63,4.83,0.546,0.621,-0.075
1630166,Deni Avdija,1610612757,POR,F,25.0,48,47,0.383,2.88,4.81,0.597,0.626,-0.029
201935,James Harden,1610612739,CLE,G,36.0,51,51,0.37,3.2,4.78,0.668,0.631,0.037
1631222,Jake LaRavia,1610612747,LAL,F,24.0,58,57,0.388,3.12,4.72,0.661,0.628,0.032
1628389,Bam Adebayo,1610612748,MIA,C-F,28.0,52,52,0.344,2.92,4.71,0.62,0.637,-0.017
1628976,Wendell Carter Jr.,1610612753,ORL,C-F,26.0,56,54,0.362,2.79,4.71,0.591,0.647,-0.056
1642851,Kon Knueppel,1610612766,CHA,G-F,20.0,59,55,0.352,2.59,4.68,0.554,0.637,-0.083
203500,Steven Adams,1610612745,HOU,C,32.0,32,32,0.378,3.03,4.66,0.651,0.645,0.006
1629008,Michael Porter Jr.,1610612751,BKN,F,27.0,47,46,0.436,3.06,4.64,0.661,0.638,0.022
203110,Draymond Green,1610612744,GSW,F,35.0,48,48,0.373,2.6,4.63,0.563,0.641,-0.078
1642271,Kyle Filipowski,1610612762,UTA,C,22.0,58,56,0.407,3.16,4.6,0.685,0.637,0.049
1642847,Jeremiah Fears,1610612740,NOP,G,19.0,60,59,0.399,3.18,4.58,0.695,0.639,0.055
1631170,Jaime Jaquez Jr.,1610612748,MIA,G,25.0,55,54,0.353,2.73,4.58,0.595,0.628,-0.033
1628983,Shai Gilgeous-Alexander,1610612760,OKC,G,27.0,50,49,0.377,2.52,4.58,0.55,0.629,-0.079
1628978,Donte DiVincenzo,1610612750,MIN,G,29.0,60,59,0.426,2.77,4.57,0.606,0.626,-0.02
1630559,Austin Reaves,1610612747,LAL,G,27.0,32,31,0.341,3.06,4.56,0.671,0.632,0.039
1631108,Max Christie,1610612742,DAL,G,23.0,54,53,0.371,2.93,4.56,0.642,0.63,0.012
1629628,RJ Barrett,1610612761,TOR,F-G,25.0,35,32,0.361,2.6,4.54,0.572,0.634,-0.062
1642928,Dylan Cardwell,1610612758,SAC,C,24.0,29,28,0.424,2.45,4.52,0.542,0.633,-0.091
1630591,Jalen Suggs,1610612753,ORL,G,24.0,35,34,0.407,2.8,4.51,0.62,0.633,-0.013
1630572,Sandro Mamukelashvili,1610612761,TOR,F-C,26.0,57,56,0.403,2.68,4.49,0.598,0.632,-0.034
1641718,Keyonte George,1610612762,UTA,G,22.0,48,46,0.342,3.52,4.48,0.786,0.636,0.15
1631157,Ryan Rollins,1610612749,MIL,G,23.0,56,56,0.342,2.63,4.48,0.586,0.618,-0.032
203952,Andrew Wiggins,1610612748,MIA,F,31.0,54,52,0.319,3.07,4.46,0.689,0.632,0.057
201143,Al Horford,1610612744,GSW,C-F,39.0,37,35,0.385,2.54,4.38,0.58,0.632,-0.051
1628969,Mikal Bridges,1610612752,NYK,G-F,29.0,60,59,0.355,2.78,4.37,0.637,0.634,0.003
1642364,Jamir Watkins,1610612764,WAS,F,24.0,27,26,0.461,2.81,4.37,0.644,0.643,0.001
1629614,Andrew Nembhard,1610612754,IND,G-F,26.0,47,47,0.377,2.98,4.36,0.683,0.625,0.057
1626157,Karl-Anthony Towns,1610612752,NYK,C-F,30.0,56,55,0.328,2.75,4.36,0.631,0.645,-0.014
203932,Aaron Gordon,1610612743,DEN,F,30.0,23,22,0.372,2.78,4.35,0.64,0.65,-0.01
202331,Paul George,1610612755,PHI,F,35.0,27,27,0.393,2.59,4.33,0.598,0.617,-0.019
1642856,Egor Dëmin,1610612751,BKN,G,19.0,52,51,0.446,2.67,4.31,0.621,0.627,-0.006
203944,Julius Randle,1610612750,MIN,F-C,31.0,60,60,0.367,2.65,4.3,0.616,0.643,-0.027
1629645,Kevin Porter Jr.,1610612749,MIL,G-F,25.0,33,32,0.307,2.45,4.3,0.57,0.63,-0.059
1630174,Aaron Nesmith,1610612754,IND,G-F,26.0,33,31,0.363,2.45,4.3,0.57,0.635,-0.064
1629675,Naz Reid,1610612750,MIN,C-F,26.0,59,58,0.42,2.53,4.29,0.589,0.636,-0.047
1629111,Jock Landale,1610612737,ATL,C,30.0,54,54,0.436,2.63,4.26,0.617,0.647,-0.03
1631230,Dominick Barlow,1610612755,PHI,F,22.0,48,47,0.363,2.33,4.25,0.549,0.631,-0.082
1628384,OG Anunoby,1610612752,NYK,F-G,28.0,46,46,0.322,2.74,4.24,0.646,0.637,0.009
1626162,Kelly Oubre Jr.,1610612755,PHI,F-G,30.0,37,35,0.338,2.7,4.22,0.641,0.631,0.01
1631128,Christian Braun,1610612743,DEN,G,24.0,24,24,0.339,2.67,4.21,0.634,0.637,-0.003
1630543,Isaiah Jackson,1610612746,LAC,F,24.0,40,37,0.497,2.65,4.2,0.631,0.645,-0.014
201572,Brook Lopez,1610612746,LAC,C,37.0,51,49,0.406,2.16,4.2,0.514,0.639,-0.125
1626220,Royce O'Neale,1610612756,PHX,F,32.0,60,59,0.381,2.67,4.18,0.637,0.641,-0.004
201142,Kevin Durant,1610612745,HOU,F,37.0,55,51,0.35,2.22,4.16,0.533,0.638,-0.105
1642263,Reed Sheppard,1610612745,HOU,G,21.0,58,55,0.368,2.78,4.14,0.671,0.621,0.049
1630178,Tyrese Maxey,1610612755,PHI,G,25.0,57,56,0.325,2.72,4.11,0.662,0.627,0.036
1630162,Anthony Edwards,1610612750,MIN,G,24.0,50,49,0.352,2.58,4.1,0.629,0.634,-0.005
1628374,Lauri Markkanen,1610612762,UTA,F-C,28.0,42,41,0.338,2.6,4.1,0.634,0.64,-0.006
203468,CJ McCollum,1610612737,ATL,G,34.0,56,54,0.327,2.64,4.09,0.646,0.628,0.018
1628973,Jalen Brunson,1610612752,NYK,G,29.0,54,52,0.316,2.98,4.09,0.729,0.624,0.105
1630173,Precious Achiuwa,1610612758,SAC,F,26.0,52,47,0.393,2.5,4.06,0.616,0.643,-0.027
1642867,Collin Murray-Boyles,1610612761,TOR,F,20.0,47,43,0.392,2.51,4.04,0.621,0.644,-0.023
1630191,Isaiah Stewart,1610612765,DET,F-C,24.0,48,47,0.35,1.94,4.04,0.479,0.629,-0.149
1631107,Nikola Jović,1610612748,MIA,F,22.0,43,40,0.421,2.42,4.0,0.605,0.629,-0.024
1641726,Dereck Lively II,1610612742,DAL,C,22.0,7,7,0.412,2.57,4.0,0.643,0.639,0.004
1626171,Bobby Portis,1610612749,MIL,F,31.0,56,56,0.391,2.79,3.98,0.7,0.641,0.058
203083,Andre Drummond,1610612755,PHI,C,32.0,43,41,0.394,2.84,3.98,0.713,0.661,0.052
202695,Kawhi Leonard,1610612746,LAC,F,34.0,44,42,0.366,2.86,3.98,0.72,0.644,0.076
201566,Russell Westbrook,1610612758,SAC,G,37.0,56,55,0.434,2.82,3.96,0.712,0.646,0.066
1626164,Devin Booker,1610612756,PHX,G,29.0,44,41,0.368,2.25,3.95,0.569,0.629,-0.06
201942,DeMar DeRozan,1610612758,SAC,G-F,36.0,61,61,0.402,2.67,3.95,0.676,0.646,0.031
1631132,Christian Koloko,1610612737,ATL,C,25.0,21,20,0.451,2.24,3.95,0.566,0.636,-0.07
1631097,Bennedict Mathurin,1610612746,LAC,G-F,23.0,34,34,0.395,2.29,3.91,0.586,0.637,-0.05
1631221,Collin Gillespie,1610612756,PHX,G,26.0,59,58,0.353,2.41,3.9,0.617,0.634,-0.017
1629027,Trae Young,1610612764,WAS,G,27.0,10,10,0.39,2.9,3.9,0.744,0.607,0.136
1631260,AJ Green,1610612749,MIL,G,26.0,54,51,0.31,2.43,3.89,0.624,0.627,-0.003
1630541,Moses Moody,1610612744,GSW,G,23.0,57,54,0.379,2.33,3.89,0.599,0.632,-0.033
1642366,Quinten Post,1610612744,GSW,C,25.0,58,55,0.387,2.19,3.88,0.564,0.632,-0.068
1630193,Immanuel Quickley,1610612761,TOR,G,26.0,56,55,0.358,2.45,3.88,0.631,0.629,0.003
1627742,Brandon Ingram,1610612761,TOR,F,28.0,57,55,0.353,2.16,3.86,0.559,0.629,-0.07
1630532,Franz Wagner,1610612753,ORL,F,24.0,28,27,0.301,2.36,3.86,0.611,0.633,-0.022
1642258,Zaccharie Risacher,1610612737,ATL,F,20.0,47,46,0.367,2.53,3.83,0.661,0.627,0.034
1631101,Shaedon Sharpe,1610612757,POR,G,22.0,48,45,0.368,2.75,3.83,0.717,0.627,0.09
1641764,Brandin Podziemski,1610612744,GSW,G,23.0,59,57,0.406,2.46,3.83,0.642,0.633,0.009
1628415,Dillon Brooks,1610612756,PHX,G-F,30.0,50,50,0.32,2.46,3.82,0.644,0.633,0.011
1628963,Marvin Bagley III,1610612742,DAL,F,26.0,45,44,0.383,2.18,3.82,0.57,0.643,-0.073
1630200,Tre Jones,1610612741,CHI,G,26.0,43,42,0.388,2.53,3.81,0.665,0.619,0.046
1630249,Vít Krejčí,1610612757,POR,G,25.0,56,54,0.429,2.21,3.8,0.582,0.615,-0.032
1628970,Miles Bridges,1610612766,CHA,F,27.0,55,52,0.331,2.22,3.8,0.584,0.643,-0.06
1629630,Ja Morant,1610612763,MEM,G,26.0,20,19,0.35,2.05,3.8,0.539,0.635,-0.095
1630230,Naji Marshall,1610612742,DAL,F,28.0,58,55,0.346,2.34,3.79,0.618,0.639,-0.021
1630529,Herbert Jones,1610612740,NOP,F,27.0,37,37,0.391,2.27,3.78,0.6,0.642,-0.042
1642874,Danny Wolf,1610612751,BKN,F,21.0,44,42,0.429,2.25,3.77,0.596,0.629,-0.033
1629632,Coby White,1610612766,CHA,G,26.0,31,29,0.369,2.26,3.77,0.598,0.629,-0.03
1630551,Justin Champagnie,1610612764,WAS,G-F,24.0,51,43,0.434,2.53,3.76,0.672,0.633,0.039
1642530,Yuki Kawamura,1610612741,CHI,G,24.0,4,4,0.556,1.75,3.75,0.467,0.573,-0.106
1630703,Scoot Henderson,1610612757,POR,G,22.0,8,8,0.476,2.63,3.75,0.7,0.65,0.05
2544,LeBron James,1610612747,LAL,F,41.0,40,39,0.389,2.3,3.73,0.617,0.634,-0.016
1642345,Oso Ighodaro,1610612756,PHX,F,23.0,60,58,0.414,2.12,3.73,0.567,0.627,-0.06
1629014,Anfernee Simons,1610612741,CHI,G,26.0,55,54,0.419,2.35,3.73,0.629,0.624,0.005
1641744,Zach Edey,1610612763,MEM,C,23.0,11,11,0.308,1.64,3.73,0.439,0.647,-0.208
1629011,Mitchell Robinson,1610612752,NYK,C-F,27.0,43,40,0.407,2.33,3.72,0.625,0.639,-0.014
1641774,Tristan Vukcevic,1610612764,WAS,F,22.0,36,30,0.469,2.19,3.72,0.59,0.639,-0.05
1630188,Jalen Smith,1610612741,CHI,F-C,25.0,45,45,0.407,1.98,3.71,0.533,0.636,-0.103
1629001,De'Anthony Melton,1610612744,GSW,G,27.0,31,30,0.429,2.61,3.71,0.704,0.633,0.071
1629731,Dean Wade,1610612739,CLE,F-C,29.0,47,44,0.361,2.13,3.7,0.575,0.628,-0.053
1641765,Olivier-Maxence Prosper,1610612763,MEM,F,23.0,29,27,0.416,2.21,3.69,0.598,0.635,-0.036
1630644,Mac McClung,1610612741,CHI,G,27.0,3,3,0.579,1.67,3.67,0.455,0.603,-0.149
1642907,Cedric Coward,1610612763,MEM,G,22.0,48,47,0.313,2.02,3.65,0.554,0.634,-0.08
1642942,Jahmai Mashack,1610612763,MEM,G,23.0,14,11,0.429,2.57,3.64,0.706,0.633,0.073
1629048,Goga Bitadze,1610612753,ORL,C-F,26.0,43,40,0.453,2.0,3.63,0.551,0.628,-0.077
1630170,Devin Vassell,1610612759,SAS,G-F,25.0,46,44,0.383,2.24,3.63,0.617,0.636,-0.02
203897,Zach LaVine,1610612758,SAC,G,30.0,39,38,0.326,2.72,3.62,0.752,0.657,0.095
1641717,Cason Wallace,1610612760,OKC,G,22.0,58,57,0.3,2.16,3.62,0.595,0.629,-0.033
1629060,Rui Hachimura,1610612747,LAL,F,28.0,47,45,0.357,2.49,3.6,0.692,0.637,0.056
1630171,Isaac Okoro,1610612741,CHI,F-G,25.0,50,48,0.332,2.08,3.6,0.578,0.638,-0.06
202699,Tobias Harris,1610612765,DET,F,33.0,42,41,0.364,2.0,3.6,0.556,0.624,-0.067
1642264,Stephon Castle,1610612759,SAS,G,21.0,49,49,0.319,2.12,3.59,0.591,0.636,-0.046
1628392,Isaiah Hartenstein,1610612760,OKC,C-F,27.0,34,31,0.303,1.85,3.59,0.516,0.638,-0.122
1641716,Jarace Walker,1610612754,IND,F,22.0,59,55,0.435,2.24,3.58,0.626,0.625,0.001
1630558,Davion Mitchell,1610612748,MIA,G,27.0,49,46,0.316,2.27,3.55,0.638,0.629,0.009
201567,Kevin Love,1610612762,UTA,F-C,37.0,31,29,0.442,2.48,3.55,0.7,0.652,0.048
1629636,Darius Garland,1610612746,LAC,G,26.0,26,23,0.303,2.38,3.54,0.674,0.626,0.048
1642274,Yves Missi,1610612740,NOP,C,21.0,47,42,0.344,1.89,3.51,0.539,0.645,-0.105
1642846,Ace Bailey,1610612762,UTA,F,19.0,52,50,0.353,2.29,3.5,0.654,0.634,0.02
1641854,Craig Porter Jr.,1610612739,CLE,G,26.0,52,48,0.408,2.02,3.5,0.577,0.615,-0.038
1628380,Zach Collins,1610612741,CHI,F-C,28.0,10,10,0.417,2.0,3.5,0.571,0.62,-0.049
1627749,Dejounte Murray,1610612740,NOP,G,29.0,2,2,0.412,2.5,3.5,0.714,0.639,0.075
1630549,Day'Ron Sharpe,1610612751,BKN,C,24.0,57,56,0.447,2.23,3.49,0.638,0.628,0.01
1642277,Johnny Furphy,1610612754,IND,G,21.0,34,32,0.383,2.26,3.47,0.653,0.632,0.02
203992,Bogdan Bogdanović,1610612746,LAC,G,33.0,17,17,0.353,2.47,3.47,0.712,0.635,0.077
1641709,Ausar Thompson,1610612765,DET,G-F,23.0,54,53,0.326,1.94,3.46,0.561,0.63,-0.069
1626156,D'Angelo Russell,1610612764,WAS,G,30.0,26,23,0.396,1.73,3.46,0.5,0.614,-0.114
1628960,Grayson Allen,1610612756,PHX,G,30.0,38,36,0.303,2.21,3.45,0.641,0.629,0.013
202710,Jimmy Butler III,1610612744,GSW,F,36.0,38,36,0.349,2.39,3.45,0.695,0.634,0.06
1628398,Kyle Kuzma,1610612749,MIL,F,30.0,55,53,0.36,1.93,3.44,0.561,0.634,-0.073
1642377,Jaylen Wells,1610612763,MEM,F,22.0,57,55,0.335,2.12,3.44,0.617,0.634,-0.017
203507,Giannis Antetokounmpo,1610612749,MIL,F,31.0,30,26,0.36,1.77,3.43,0.515,0.634,-0.119
1628381,John Collins,1610612746,LAC,F-C,28.0,53,52,0.303,1.91,3.43,0.555,0.641,-0.086
1628989,Kevin Huerter,1610612765,DET,G-F,27.0,49,46,0.377,2.16,3.43,0.631,0.629,0.002
1631119,Jaylin Williams,1610612760,OKC,F,23.0,46,42,0.341,2.02,3.43,0.589,0.631,-0.042
1630611,Gui Santos,1610612744,GSW,F,23.0,45,41,0.41,2.27,3.42,0.662,0.624,0.038
1629611,Terance Mann,1610612751,BKN,G-F,29.0,51,48,0.378,2.14,3.41,0.626,0.618,0.008
1629673,Jordan Poole,1610612740,NOP,G,26.0,32,31,0.362,2.16,3.41,0.633,0.621,0.012
1629130,Duncan Robinson,1610612765,DET,F,31.0,56,53,0.343,1.86,3.41,0.545,0.62,-0.076
201599,DeAndre Jordan,1610612740,NOP,C,37.0,5,4,0.309,1.2,3.4,0.353,0.646,-0.293
1642848,Tre Johnson,1610612764,WAS,G,19.0,45,43,0.406,2.13,3.4,0.627,0.618,0.01
203114,Khris Middleton,1610612742,DAL,F,34.0,41,40,0.357,1.98,3.39,0.583,0.636,-0.053
1642281,Jaylon Tyson,1610612739,CLE,G-F,23.0,56,53,0.304,1.95,3.39,0.574,0.619,-0.046
1642883,Sion James,1610612766,CHA,G,23.0,60,59,0.349,2.02,3.38,0.596,0.635,-0.039
1630533,Ziaire Williams,1610612751,BKN,F,24.0,41,40,0.356,2.27,3.37,0.674,0.627,0.047
1630577,Julian Champagnie,1610612759,SAS,F,24.0,59,55,0.325,1.97,3.37,0.583,0.63,-0.047
201939,Stephen Curry,1610612744,GSW,G,37.0,39,38,0.337,2.03,3.36,0.603,0.625,-0.022
1631114,Jalen Williams,1610612760,OKC,G-F,24.0,26,22,0.387,1.81,3.35,0.54,0.634,-0.094
1630192,Zeke Nnaji,1610612743,DEN,F-C,25.0,35,28,0.443,1.69,3.34,0.504,0.637,-0.133
1641731,Bilal Coulibaly,1610612764,WAS,G,21.0,38,34,0.411,1.92,3.34,0.575,0.64,-0.065
1642363,Nique Clifford,1610612758,SAC,G,24.0,57,54,0.355,1.98,3.33,0.595,0.63,-0.035
1627746,Skal Labissiere,1610612764,WAS,F-C,29.0,3,3,0.5,2.67,3.33,0.8,0.624,0.176
1627759,Jaylen Brown,1610612738,BOS,G-F,29.0,53,51,0.288,1.91,3.32,0.574,0.621,-0.048
1630573,Sam Hauser,1610612738,BOS,F,28.0,56,53,0.347,2.04,3.32,0.613,0.626,-0.013
1642285,Cam Spencer,1610612763,MEM,G,25.0,56,50,0.404,2.18,3.32,0.656,0.624,0.032
1642266,Ja'Kobe Walter,1610612761,TOR,G,21.0,49,49,0.409,2.0,3.31,0.605,0.637,-0.032
1629627,Zion Williamson,1610612740,NOP,F,25.0,44,41,0.322,2.05,3.3,0.621,0.64,-0.019
1631200,Kris Murray,1610612757,POR,F,25.0,38,37,0.418,1.82,3.29,0.552,0.618,-0.066
1629631,De'Andre Hunter,1610612758,SAC,F-G,28.0,45,43,0.344,2.07,3.29,0.628,0.646,-0.018
1631121,Bryce McGowens,1610612740,NOP,G,23.0,34,30,0.368,2.5,3.29,0.759,0.649,0.11
1630590,Scotty Pippen Jr.,1610612763,MEM,G,25.0,7,7,0.284,2.57,3.29,0.783,0.613,0.17
1629661,Cameron Johnson,1610612743,DEN,F,29.0,36,35,0.32,2.17,3.28,0.661,0.631,0.03
1630568,Luka Garza,1610612738,BOS,C,27.0,48,46,0.409,2.04,3.27,0.624,0.642,-0.017
1628971,Bruce Brown,1610612743,DEN,G-F,29.0,60,58,0.317,2.28,3.25,0.703,0.621,0.081
1641796,Pelle Larsson,1610612748,MIA,G,25.0,48,41,0.331,2.06,3.25,0.635,0.624,0.011
1629656,Quentin Grimes,1610612755,PHI,G,25.0,53,50,0.341,2.0,3.25,0.616,0.617,-0.001
1630314,Brandon Williams,1610612742,DAL,G,26.0,51,49,0.364,2.14,3.25,0.657,0.625,0.032
1641708,Amen Thompson,1610612745,HOU,G-F,23.0,56,55,0.328,1.98,3.25,0.61,0.626,-0.016
1642267,Bub Carrington,1610612764,WAS,G,20.0,58,54,0.353,2.09,3.24,0.644,0.632,0.012
1630194,Paul Reed,1610612765,DET,F,26.0,41,35,0.448,1.76,3.24,0.541,0.633,-0.091
1630540,Miles McBride,1610612752,NYK,G,25.0,35,32,0.3,2.0,3.23,0.619,0.626,-0.006
1630217,Desmond Bane,1610612753,ORL,G,27.0,58,55,0.3,1.98,3.22,0.615,0.626,-0.011
1630598,Aaron Wiggins,1610612760,OKC,G,27.0,46,44,0.325,1.96,3.22,0.608,0.636,-0.028
1630163,LaMelo Ball,1610612766,CHA,G,24.0,50,46,0.398,2.02,3.22,0.627,0.617,0.011
1641757,Jordan Miller,1610612746,LAC,G,26.0,36,34,0.384,2.03,3.22,0.629,0.62,0.009
1630208,Nick Richards,1610612741,CHI,C,28.0,35,29,0.489,2.14,3.2,0.67,0.645,0.025
1631218,Trayce Jackson-Davis,1610612761,TOR,F,26.0,37,31,0.476,1.54,3.19,0.483,0.627,-0.144
1630311,Pat Spencer,1610612744,GSW,G,29.0,37,35,0.456,1.92,3.19,0.602,0.624,-0.022
1641790,PJ Hall,1610612766,CHA,C,24.0,16,15,0.381,1.69,3.19,0.529,0.634,-0.105
1629652,Luguentz Dort,1610612760,OKC,G,26.0,50,47,0.286,1.82,3.18,0.572,0.632,-0.06
203924,Jerami Grant,1610612757,POR,F,31.0,44,42,0.34,2.05,3.18,0.643,0.622,0.021
1641737,Adem Bona,1610612755,PHI,F,22.0,50,46,0.401,1.7,3.18,0.535,0.645,-0.11
1642857,Kasparas Jakučionis,1610612748,MIA,G,19.0,30,28,0.368,2.03,3.17,0.642,0.628,0.014
1630241,Sam Merrill,1610612739,CLE,G,29.0,37,36,0.34,2.05,3.16,0.65,0.646,0.003
1631255,Karlo Matković,1610612740,NOP,F-C,24.0,47,45,0.454,1.72,3.15,0.547,0.636,-0.089
1630202,Payton Pritchard,1610612738,BOS,G,28.0,58,56,0.311,1.98,3.14,0.632,0.621,0.011
1629723,John Konchar,1610612762,UTA,G,29.0,35,34,0.426,2.17,3.14,0.691,0.636,0.055
1642949,Yanic Konan Niederhäuser,1610612746,LAC,C,22.0,31,27,0.536,1.9,3.13,0.608,0.64,-0.032
1641707,Taylor Hendricks,1610612763,MEM,F,22.0,40,39,0.403,1.93,3.13,0.616,0.631,-0.015
1628368,De'Aaron Fox,1610612759,SAS,G,28.0,50,45,0.263,2.04,3.12,0.654,0.621,0.033
1631165,Keon Ellis,1610612739,CLE,G,26.0,52,46,0.378,1.94,3.12,0.623,0.637,-0.014
1631106,Tari Eason,1610612745,HOU,F,24.0,36,35,0.332,2.11,3.11,0.679,0.635,0.044
203939,Dwight Powell,1610612742,DAL,F-C,34.0,39,34,0.398,1.85,3.1,0.595,0.641,-0.046
1641775,Jordan Walsh,1610612738,BOS,G,21.0,51,44,0.409,1.73,3.06,0.564,0.615,-0.051
1630180,Saddiq Bey,1610612740,NOP,G-F,26.0,53,52,0.343,2.0,3.02,0.663,0.651,0.011
1627741,Buddy Hield,1610612737,ATL,G,33.0,45,43,0.385,1.82,3.02,0.603,0.614,-0.011
1630621,Hunter Dickinson,1610612740,NOP,C,25.0,1,1,0.375,2.0,3.0,0.667,0.619,0.048
1641713,GG Jackson,1610612763,MEM,F,21.0,34,33,0.347,1.82,3.0,0.608,0.633,-0.025
1629660,Ty Jerome,1610612763,MEM,G-F,28.0,8,8,0.375,1.63,3.0,0.542,0.657,-0.115
1630699,MarJon Beauchamp,1610612755,PHI,F,25.0,2,2,0.3,2.0,3.0,0.667,0.646,0.021
1641761,Grant Nelson,1610612751,BKN,F,23.0,1,1,0.5,0.0,3.0,0.0,0.468,-0.468
1627739,Kris Dunn,1610612746,LAC,G,31.0,58,56,0.285,1.86,2.98,0.624,0.63,-0.006
1642268,Isaiah Collier,1610612762,UTA,G,21.0,51,51,0.313,2.1,2.98,0.704,0.635,0.069
1631246,Vince Williams Jr.,1610612762,UTA,G,25.0,40,35,0.331,1.78,2.95,0.602,0.638,-0.036
201950,Jrue Holiday,1610612757,POR,G,35.0,31,27,0.287,1.87,2.94,0.637,0.635,0.003
1626181,Norman Powell,1610612748,MIA,G,32.0,48,45,0.34,2.06,2.94,0.702,0.635,0.068
1630619,Moussa Cisse,1610612742,DAL,C,23.0,30,27,0.438,1.67,2.93,0.568,0.644,-0.076
1642354,KJ Simpson,1610612743,DEN,G,23.0,14,12,0.398,1.71,2.93,0.585,0.624,-0.038
1642849,Nolan Traore,1610612751,BKN,G,19.0,37,33,0.35,1.97,2.92,0.676,0.634,0.042
203471,Dennis Schröder,1610612739,CLE,G,32.0,50,47,0.309,1.98,2.92,0.678,0.631,0.047
1642879,Ben Saraf,1610612751,BKN,G,19.0,23,23,0.411,2.3,2.91,0.791,0.624,0.167
1627884,Derrick Jones Jr.,1610612746,LAC,F,29.0,26,23,0.309,1.65,2.88,0.573,0.641,-0.068
1630560,Cam Thomas,1610612749,MIL,G,24.0,32,29,0.404,2.06,2.88,0.717,0.636,0.082
1642262,Cody Williams,1610612762,UTA,F,21.0,43,37,0.365,1.79,2.88,0.621,0.637,-0.016
1629057,Robert Williams III,1610612757,POR,C-F,28.0,41,37,0.341,1.44,2.88,0.5,0.64,-0.14
1628449,Chris Boucher,1610612738,BOS,F,33.0,8,8,0.469,1.38,2.88,0.478,0.618,-0.139
1630245,Ayo Dosunmu,1610612750,MIN,G,26.0,52,49,0.339,1.69,2.87,0.591,0.625,-0.035
1631245,Quenton Jackson,1610612754,IND,G,27.0,27,22,0.344,1.63,2.85,0.571,0.631,-0.06
1642346,Ryan Dunn,1610612756,PHX,F,23.0,53,46,0.363,1.62,2.85,0.57,0.629,-0.059
1642275,Tidjane Salaün,1610612766,CHA,F,20.0,34,29,0.402,1.53,2.85,0.536,0.609,-0.072
1642954,Will Richard,1610612744,GSW,G,23.0,51,47,0.359,1.8,2.84,0.634,0.614,0.02
1642272,Jared McCain,1610612760,OKC,G,22.0,45,40,0.405,1.8,2.84,0.633,0.623,0.009
1629684,Grant Williams,1610612766,CHA,F,27.0,18,15,0.295,1.78,2.83,0.627,0.627,0.0
1641783,Tristan da Silva,1610612753,ORL,F,24.0,53,49,0.333,1.81,2.83,0.64,0.622,0.018
1630172,Patrick Williams,1610612741,CHI,F,24.0,55,50,0.382,1.89,2.82,0.671,0.637,0.034
1628378,Donovan Mitchell,1610612739,CLE,G,29.0,55,54,0.297,1.65,2.82,0.587,0.638,-0.051
1642869,Noah Penda,1610612753,ORL,G-F,21.0,38,34,0.43,1.66,2.82,0.589,0.635,-0.046
1641729,Brice Sensabaugh,1610612762,UTA,F,22.0,55,49,0.343,1.93,2.8,0.688,0.633,0.056
1629637,Jaxson Hayes,1610612747,LAL,C-F,25.0,48,40,0.333,1.69,2.77,0.609,0.638,-0.029
1628379,Luke Kennard,1610612747,LAL,G,29.0,53,49,0.38,1.87,2.77,0.673,0.625,0.049
203501,Tim Hardaway Jr.,1610612743,DEN,G-F,33.0,59,53,0.297,1.92,2.75,0.698,0.622,0.075
1630164,James Wiseman,1610612754,IND,C,24.0,4,4,0.44,1.5,2.75,0.545,0.636,-0.091
1631250,Pete Nance,1610612749,MIL,F,26.0,19,16,0.4,1.74,2.74,0.635,0.602,0.032
1629020,Jarred Vanderbilt,1610612747,LAL,F,26.0,48,44,0.426,1.77,2.71,0.654,0.637,0.017
1631169,Josh Minott,1610612751,BKN,F,23.0,34,30,0.358,1.56,2.71,0.576,0.638,-0.062
1628997,Caleb Martin,1610612742,DAL,F,30.0,49,46,0.43,1.55,2.69,0.576,0.626,-0.05
1630692,Jordan Goodwin,1610612756,PHX,G,27.0,54,49,0.358,1.8,2.69,0.669,0.626,0.043
1642260,Nikola Topić,1610612760,OKC,G,20.0,3,2,0.533,1.33,2.67,0.5,0.62,-0.12
1630696,Dru Smith,1610612748,MIA,G,28.0,58,55,0.345,1.62,2.67,0.606,0.621,-0.015
202685,Jonas Valančiūnas,1610612743,DEN,C,33.0,48,44,0.367,1.48,2.65,0.559,0.628,-0.069
203935,Marcus Smart,1610612747,LAL,G,31.0,48,44,0.278,1.71,2.65,0.646,0.623,0.022
1629234,Drew Eubanks,1610612758,SAC,F-C,29.0,35,30,0.368,1.66,2.63,0.63,0.659,-0.028
203937,Kyle Anderson,1610612763,MEM,F-G,32.0,24,21,0.339,2.29,2.63,0.873,0.63,0.243
1631093,Jaden Ivey,1610612741,CHI,G,24.0,37,31,0.388,1.65,2.62,0.629,0.617,0.012
1642914,Javon Small,1610612763,MEM,G,23.0,23,20,0.361,1.57,2.61,0.6,0.616,-0.016
1626172,Kevon Looney,1610612740,NOP,F,30.0,18,15,0.336,2.0,2.61,0.766,0.663,0.103
1628370,Malik Monk,1610612758,SAC,G,28.0,48,41,0.362,1.69,2.6,0.648,0.613,0.035
203084,Harrison Barnes,1610612759,SAS,F,33.0,59,55,0.288,1.64,2.59,0.634,0.644,-0.01
1630228,Jonathan Kuminga,1610612737,ATL,F,23.0,22,20,0.303,1.68,2.59,0.649,0.635,0.014
1629640,Keldon Johnson,1610612759,SAS,F-G,26.0,59,55,0.342,1.59,2.58,0.618,0.642,-0.023
1630526,Jeremiah Robinson-Earl,1610612742,DAL,F,25.0,21,16,0.375,2.0,2.57,0.778,0.659,0.119
1629004,Svi Mykhailiuk,1610612762,UTA,G-F,28.0,47,40,0.279,1.77,2.55,0.692,0.635,0.057
1630557,Corey Kispert,1610612737,ATL,F,26.0,40,37,0.314,1.45,2.55,0.569,0.623,-0.055
1628418,Thomas Bryant,1610612739,CLE,C-F,28.0,39,32,0.416,1.49,2.54,0.586,0.635,-0.05
1628366,Lonzo Ball,1610612739,CLE,G,28.0,35,31,0.309,1.43,2.51,0.568,0.631,-0.063
201587,Nicolas Batum,1610612746,LAC,G-F,37.0,54,50,0.389,1.54,2.5,0.615,0.624,-0.009
1630198,Isaiah Joe,1610612760,OKC,G,26.0,52,48,0.319,1.58,2.5,0.631,0.637,-0.006
1629006,Josh Okogie,1610612745,HOU,G,27.0,54,47,0.388,1.5,2.5,0.6,0.625,-0.025
1630167,Obi Toppin,1610612754,IND,F,27.0,4,2,0.286,1.75,2.5,0.7,0.637,0.063
1631115,Orlando Robinson,1610612753,ORL,C,25.0,4,3,0.588,2.25,2.5,0.9,0.586,0.314
1642449,Tolu Smith,1610612765,DET,F,25.0,6,5,0.441,1.5,2.5,0.6,0.64,-0.04
1628964,Mo Bamba,1610612762,UTA,C,27.0,2,2,0.5,1.0,2.5,0.4,0.559,-0.159
1631214,Alondes Williams,1610612764,WAS,G,26.0,4,3,0.263,1.75,2.5,0.7,0.61,0.09
1642860,Will Riley,1610612764,WAS,F,20.0,47,40,0.415,1.66,2.49,0.667,0.623,0.044
1642383,Walter Clayton Jr.,1610612763,MEM,G,22.0,51,44,0.285,1.67,2.49,0.669,0.61,0.059
1641842,Ronald Holland II,1610612765,DET,F,20.0,54,48,0.347,1.39,2.48,0.56,0.624,-0.064
1627747,Caris LeVert,1610612765,DET,G,31.0,41,38,0.315,1.46,2.46,0.594,0.626,-0.032
201144,Mike Conley,1610612750,MIN,G,38.0,46,41,0.346,1.54,2.46,0.628,0.624,0.005
1630570,Trendon Watford,1610612755,PHI,G-F,25.0,35,29,0.36,1.6,2.46,0.651,0.631,0.021
1642948,Ryan Nembhard,1610612742,DAL,G,22.0,38,30,0.342,1.45,2.45,0.591,0.626,-0.035
1630538,Bones Hyland,1610612750,MIN,G,25.0,49,41,0.382,1.59,2.45,0.65,0.619,0.031
1641989,Elijah Harkless,1610612762,UTA,G,26.0,9,8,0.449,1.44,2.44,0.591,0.62,-0.029
1642382,Branden Carlson,1610612760,OKC,C,26.0,32,24,0.358,1.47,2.44,0.603,0.628,-0.026
1629012,Collin Sexton,1610612741,CHI,G,27.0,50,45,0.319,1.56,2.44,0.639,0.623,0.016
203991,Clint Capela,1610612745,HOU,C,31.0,52,45,0.404,1.17,2.44,0.48,0.636,-0.155
1641747,DaRon Holmes II,1610612743,DEN,F,23.0,16,13,0.379,1.44,2.44,0.59,0.618,-0.028
1631323,Simone Fontecchio,1610612748,MIA,F,30.0,54,49,0.344,1.35,2.43,0.557,0.624,-0.067
1642854,Asa Newell,1610612737,ATL,F,20.0,36,30,0.433,1.33,2.42,0.552,0.628,-0.077
1631321,Sidy Cissoko,1610612757,POR,G,21.0,52,44,0.359,1.58,2.42,0.651,0.635,0.016
203903,Jordan Clarkson,1610612752,NYK,G,33.0,51,42,0.372,1.37,2.41,0.569,0.623,-0.053
1631248,Baylor Scheierman,1610612738,BOS,G,25.0,51,43,0.398,1.29,2.41,0.537,0.618,-0.082
1630631,Jose Alvarado,1610612752,NYK,G,27.0,49,41,0.32,1.76,2.41,0.729,0.632,0.097
1642348,Justin Edwards,1610612755,PHI,F,22.0,37,28,0.426,1.65,2.41,0.685,0.613,0.072
1630264,Anthony Gill,1610612764,WAS,F,33.0,25,18,0.373,1.44,2.4,0.6,0.634,-0.034
1629750,Javonte Green,1610612765,DET,G,32.0,57,55,0.371,1.35,2.4,0.562,0.639,-0.077
1631243,Mouhamed Gueye,1610612737,ATL,F,23.0,58,49,0.356,1.4,2.38,0.587,0.643,-0.056
1642920,Kobe Sanders,1610612746,LAC,G,23.0,48,43,0.324,1.38,2.35,0.584,0.632,-0.048
1642461,Spencer Jones,1610612743,DEN,F,24.0,49,38,0.275,1.41,2.35,0.6,0.634,-0.034
1631123,Jamaree Bouyea,1610612756,PHX,G,26.0,32,27,0.399,1.44,2.34,0.613,0.628,-0.015
1642933,Keshon Gilbert,1610612764,WAS,G,22.0,3,2,0.368,1.67,2.33,0.714,0.606,0.108
1642396,Blake Hinson,1610612762,UTA,F,26.0,3,3,0.389,1.67,2.33,0.714,0.613,0.101
1641722,Jordan Hawkins,1610612740,NOP,G,23.0,37,32,0.405,1.54,2.3,0.671,0.628,0.043
202691,Klay Thompson,1610612742,DAL,G,36.0,53,48,0.352,1.19,2.3,0.516,0.618,-0.101
1630702,Jaden Hardy,1610612764,WAS,G,23.0,33,30,0.475,1.33,2.3,0.579,0.625,-0.046
1642962,Drake Powell,1610612751,BKN,G-F,20.0,45,40,0.406,1.51,2.29,0.66,0.621,0.039
1642844,Dylan Harper,1610612759,SAS,G,19.0,48,41,0.329,1.27,2.29,0.555,0.62,-0.065
1641767,Ben Sheppard,1610612754,IND,G,24.0,49,46,0.311,1.39,2.27,0.613,0.626,-0.014
1630544,Tre Mann,1610612766,CHA,G,25.0,38,28,0.361,1.61,2.26,0.709,0.63,0.08
1628998,Cody Martin,1610612754,IND,F,30.0,4,3,0.429,1.25,2.25,0.556,0.604,-0.048
1626166,Cameron Payne,1610612755,PHI,G,31.0,4,3,0.474,1.25,2.25,0.556,0.611,-0.056
1629018,Gary Trent Jr.,1610612749,MIL,G,27.0,46,37,0.334,1.39,2.24,0.621,0.621,0.0
1642450,Daniss Jenkins,1610612765,DET,G,24.0,46,34,0.348,1.5,2.24,0.67,0.623,0.047
1631213,Tyrese Martin,1610612755,PHI,F,26.0,38,34,0.35,1.29,2.21,0.583,0.619,-0.035
1629726,Garrison Mathews,1610612754,IND,G,29.0,14,13,0.425,1.57,2.21,0.71,0.607,0.103
203967,Dario Saric,1610612758,SAC,F-C,31.0,5,4,0.458,1.6,2.2,0.727,0.609,0.118
1631126,Caleb Love,1610612757,POR,G,24.0,43,38,0.341,1.63,2.19,0.745,0.619,0.125
1631342,Daeqwon Plowden,1610612758,SAC,G-F,27.0,12,10,0.325,1.17,2.17,0.538,0.636,-0.097
1630574,Ariel Hukporti,1610612752,NYK,C,23.0,38,28,0.425,1.16,2.16,0.537,0.627,-0.09
1641780,Johni Broome,1610612755,PHI,F,23.0,7,7,0.484,1.57,2.14,0.733,0.603,0.13
1628396,Tony Bradley,1610612754,IND,C-F,28.0,32,27,0.393,1.16,2.13,0.544,0.644,-0.099
1641711,Gradey Dick,1610612761,TOR,G-F,22.0,56,50,0.351,1.54,2.13,0.723,0.611,0.111
1627780,Gary Payton II,1610612744,GSW,G,33.0,52,46,0.386,1.29,2.12,0.609,0.631,-0.022
1628467,Maxi Kleber,1610612747,LAL,F,34.0,30,24,0.328,1.43,2.1,0.683,0.628,0.054
1642864,Hugo González,1610612738,BOS,G,20.0,53,41,0.339,1.11,2.09,0.532,0.63,-0.098
1642347,Jamal Shead,1610612761,TOR,G,23.0,59,48,0.279,1.49,2.08,0.715,0.611,0.105
203482,Kelly Olynyk,1610612759,SAS,F-C,34.0,31,23,0.34,1.29,2.06,0.625,0.639,-0.014
1630534,Ochai Agbaji,1610612751,BKN,G,25.0,47,36,0.307,1.23,2.06,0.598,0.617,-0.019
1631110,Jeremy Sochan,1610612752,NYK,F,22.0,31,19,0.393,1.29,2.06,0.625,0.629,-0.004
1642269,Devin Carter,1610612758,SAC,G,23.0,22,19,0.308,1.64,2.05,0.8,0.636,0.164
1641772,Nae'Qwan Tomlin,1610612739,CLE,F,25.0,47,38,0.321,1.09,2.04,0.531,0.637,-0.106
1642866,Joan Beringer,1610612750,MIN,F,19.0,27,21,0.491,1.04,2.04,0.509,0.618,-0.109
1629013,Landry Shamet,1610612752,NYK,G,28.0,34,25,0.232,1.18,2.03,0.58,0.604,-0.024
1627827,Dorian Finney-Smith,1610612745,HOU,F,32.0,24,20,0.308,1.33,2.0,0.667,0.634,0.032
1629634,Brandon Clarke,1610612763,MEM,F,29.0,2,2,0.571,1.0,2.0,0.5,0.661,-0.161
1642880,Kam Jones,1610612754,IND,G,24.0,20,16,0.396,1.2,2.0,0.6,0.629,-0.029
1642349,Ajay Mitchell,1610612760,OKC,G,23.0,43,37,0.244,1.07,2.0,0.535,0.617,-0.082
1631166,Drew Timme,1610612747,LAL,F,25.0,14,11,0.4,1.29,2.0,0.643,0.658,-0.015
1642352,Keshad Johnson,1610612748,MIA,F,24.0,16,12,0.508,0.81,2.0,0.406,0.615,-0.209
1642939,Miles Kelly,1610612742,DAL,G,23.0,9,7,0.474,1.33,2.0,0.667,0.627,0.04
203552,Seth Curry,1610612744,GSW,G,35.0,2,1,0.333,1.5,2.0,0.75,0.606,0.144
1642884,Vladislav Goldin,1610612748,MIA,C,24.0,1,1,0.5,0.0,2.0,0.0,0.493,-0.493
1642955,Kadary Richmond,1610612764,WAS,G,24.0,3,3,0.3,1.0,2.0,0.5,0.616,-0.116
1631111,Wendell Moore Jr.,1610612765,DET,G,24.0,5,4,0.417,0.8,2.0,0.4,0.606,-0.206
1627936,Alex Caruso,1610612760,OKC,G,32.0,40,34,0.266,1.3,1.98,0.658,0.639,0.019
1630175,Cole Anthony,1610612749,MIL,G,25.0,33,27,0.301,1.3,1.97,0.662,0.623,0.038
1641871,Duop Reath,1610612757,POR,C,29.0,28,21,0.407,1.04,1.96,0.527,0.604,-0.076
1627824,Guerschon Yabusele,1610612741,CHI,F,30.0,49,36,0.4,1.24,1.96,0.635,0.643,-0.007
1641733,Nick Smith Jr.,1610612747,LAL,G,21.0,22,20,0.384,1.36,1.95,0.698,0.638,0.06
1631207,Dalen Terry,1610612755,PHI,F,23.0,32,26,0.385,1.16,1.94,0.597,0.613,-0.016
101108,Chris Paul,1610612746,LAC,G,40.0,16,14,0.383,1.31,1.94,0.677,0.612,0.066
1630579,Jericho Sims,1610612749,MIL,C,27.0,41,32,0.304,1.29,1.93,0.671,0.649,0.022
1630592,Jalen Wilson,1610612751,BKN,F,25.0,37,30,0.36,1.24,1.92,0.648,0.62,0.028
203484,Kentavious Caldwell-Pope,1610612763,MEM,G,33.0,50,42,0.336,1.48,1.92,0.771,0.636,0.135
1629618,Jalen Pickett,1610612743,DEN,G,26.0,35,28,0.302,1.06,1.91,0.552,0.616,-0.064
1631172,Ousmane Dieng,1610612749,MIL,F,22.0,35,24,0.311,1.14,1.89,0.606,0.613,-0.007
1642261,Dalton Knecht,1610612747,LAL,F,24.0,36,27,0.386,1.31,1.89,0.691,0.625,0.066
1626145,Tyus Jones,1610612742,DAL,G,29.0,56,47,0.366,1.39,1.88,0.743,0.616,0.127
1642367,Jonathan Mogbo,1610612761,TOR,F,24.0,17,13,0.508,1.0,1.88,0.531,0.61,-0.079
1641715,Cam Whitmore,1610612764,WAS,F,21.0,21,16,0.345,1.33,1.86,0.718,0.632,0.086
204456,T.J. McConnell,1610612754,IND,G,33.0,43,33,0.353,1.09,1.84,0.595,0.61,-0.015
1628975,Jevon Carter,1610612753,ORL,G,30.0,25,20,0.324,1.08,1.84,0.587,0.621,-0.034
1643007,Taelon Peter,1610612754,IND,G,24.0,23,15,0.382,1.26,1.83,0.69,0.632,0.058
1641809,Drew Peterson,1610612766,CHA,F,26.0,6,4,0.55,0.83,1.83,0.455,0.608,-0.154
203914,Gary Harris,1610612749,MIL,G,31.0,39,29,0.305,1.23,1.82,0.676,0.628,0.048
1641755,Kevin McCullar Jr.,1610612752,NYK,G,24.0,11,9,0.392,1.36,1.82,0.75,0.621,0.129
1628371,Jonathan Isaac,1610612753,ORL,F,28.0,43,36,0.456,0.93,1.81,0.513,0.639,-0.127
1630536,Sharife Cooper,1610612764,WAS,G,24.0,16,13,0.309,1.19,1.81,0.655,0.622,0.034
1642877,Micah Peavy,1610612740,NOP,G-F,24.0,45,32,0.38,0.96,1.8,0.531,0.634,-0.103
1642265,Rob Dillingham,1610612741,CHI,G,21.0,40,34,0.424,1.18,1.8,0.653,0.624,0.029
1631131,Oscar Tshiebwe,1610612762,UTA,F-C,26.0,5,5,0.409,1.2,1.8,0.667,0.62,0.046
1628420,Monte Morris,1610612754,IND,G,30.0,5,4,0.321,1.2,1.8,0.667,0.657,0.009
1626204,Larry Nance Jr.,1610612739,CLE,F-C,33.0,26,21,0.341,1.15,1.77,0.652,0.637,0.015
1631124,Julian Strawther,1610612743,DEN,G,23.0,33,26,0.33,1.15,1.76,0.655,0.632,0.023
1642484,RayJ Dennis,1610612737,ATL,G,24.0,12,9,0.375,1.42,1.75,0.81,0.606,0.204
1642357,David Jones Garcia,1610612759,SAS,G,24.0,8,7,0.452,0.75,1.75,0.429,0.569,-0.14
1631102,TyTy Washington Jr.,1610612746,LAC,G,24.0,4,4,0.583,1.25,1.75,0.714,0.594,0.121
1627752,Taurean Prince,1610612749,MIL,F,31.0,8,6,0.241,1.13,1.75,0.643,0.61,0.033
1629026,Kenrich Williams,1610612760,OKC,G-F,31.0,39,31,0.337,1.13,1.74,0.647,0.647,0.0
1629216,Gabe Vincent,1610612737,ATL,G,29.0,33,30,0.253,1.15,1.73,0.667,0.627,0.039
203926,Doug McDermott,1610612758,SAC,F,34.0,11,8,0.396,1.09,1.73,0.632,0.591,0.041
1631133,Jabari Walker,1610612755,PHI,F,23.0,49,38,0.394,1.06,1.71,0.619,0.646,-0.027
1641740,Jaylen Clark,1610612750,MIN,G,24.0,53,44,0.314,0.98,1.7,0.578,0.636,-0.058
1630224,Jalen Green,1610612756,PHX,G,24.0,12,9,0.286,0.67,1.67,0.4,0.621,-0.221
1631104,Blake Wesley,1610612757,POR,G,22.0,15,13,0.417,1.27,1.67,0.76,0.618,0.142
1630165,Killian Hayes,1610612758,SAC,G,24.0,3,3,0.294,1.0,1.67,0.6,0.64,-0.04
1629646,Charles Bassey,1610612755,PHI,C-F,25.0,3,3,0.5,0.67,1.67,0.4,0.658,-0.258
1641712,Rayan Rupert,1610612763,MEM,G-F,21.0,47,35,0.37,1.0,1.66,0.603,0.605,-0.002
1628988,Aaron Holiday,1610612745,HOU,G,29.0,34,23,0.289,1.21,1.65,0.732,0.629,0.103
1631247,Luke Travers,1610612739,CLE,F,24.0,11,10,0.545,1.0,1.64,0.611,0.635,-0.024
1642278,Tyler Kolek,1610612752,NYK,G,24.0,45,31,0.316,0.96,1.64,0.581,0.605,-0.024
203486,Mason Plumlee,1610612759,SAS,F-C,35.0,14,9,0.288,1.0,1.64,0.609,0.645,-0.036
1642862,Liam McNeeley,1610612766,CHA,F,20.0,26,19,0.375,1.0,1.62,0.619,0.641,-0.022
1642878,Tyrese Proctor,1610612739,CLE,G,21.0,36,26,0.392,0.94,1.61,0.586,0.619,-0.033
1630679,Ethan Thompson,1610612754,IND,G,26.0,20,13,0.242,1.1,1.6,0.688,0.598,0.089
1641723,Kobe Bufkin,1610612747,LAL,G,22.0,5,4,0.5,1.2,1.6,0.75,0.641,0.109
1642918,Alijah Martin,1610612761,TOR,G,24.0,10,6,0.333,1.2,1.6,0.75,0.636,0.114
1642905,Yang Hansen,1610612757,POR,C,20.0,34,27,0.29,0.85,1.56,0.547,0.623,-0.075
1631288,Jamal Cain,1610612753,ORL,F,26.0,16,10,0.373,1.0,1.56,0.64,0.598,0.042
1642873,Amari Williams,1610612738,BOS,F-C,24.0,11,6,0.347,0.55,1.55,0.353,0.642,-0.289
1642853,Rasheer Fleming,1610612756,PHX,F,21.0,28,24,0.43,0.68,1.54,0.442,0.602,-0.16
1629021,Moritz Wagner,1610612753,ORL,F-C,28.0,17,12,0.321,0.76,1.53,0.5,0.648,-0.148
1641738,Kobe Brown,1610612754,IND,F,26.0,37,25,0.326,0.86,1.51,0.571,0.617,-0.045
1630182,Josh Green,1610612766,CHA,G,25.0,36,26,0.305,0.97,1.5,0.648,0.64,0.008
1642863,Khaman Maluach,1610612756,PHX,C,19.0,24,16,0.474,0.88,1.5,0.583,0.624,-0.041
1631120,JD Davison,1610612745,HOU,G,23.0,20,12,0.405,0.85,1.5,0.567,0.63,-0.063
203078,Bradley Beal,1610612746,LAC,G,32.0,6,4,0.243,1.17,1.5,0.778,0.635,0.143
1643024,Chris Mañon,1610612747,LAL,G,24.0,4,3,0.6,1.0,1.5,0.667,0.608,0.059
1641815,Isaiah Stevens,1610612758,SAC,G,25.0,2,2,0.3,1.5,1.5,1.0,0.547,0.453
1642402,Enrique Freeman,1610612750,MIN,F,25.0,2,2,0.5,1.0,1.5,0.667,0.591,0.075
1631205,Buddy Boeheim,1610612760,OKC,F,26.0,2,2,0.25,1.0,1.5,0.667,0.645,0.021
1630811,Keaton Wallace,1610612737,ATL,G,27.0,37,26,0.306,1.03,1.49,0.691,0.632,0.059
1630214,Xavier Tillman,1610612766,CHA,F,27.0,17,13,0.313,0.88,1.47,0.6,0.63,-0.03
1630587,Isaiah Livers,1610612756,PHX,F,27.0,31,22,0.349,0.9,1.45,0.622,0.621,0.002
1642066,Myron Gardner,1610612748,MIA,F,24.0,25,18,0.371,0.96,1.44,0.667,0.626,0.041
1642859,Jase Richardson,1610612753,ORL,G,20.0,37,30,0.363,0.86,1.43,0.604,0.624,-0.02
1630256,Jae'Sean Tate,1610612745,HOU,F,30.0,28,20,0.354,0.86,1.43,0.6,0.617,-0.017
1642353,Cam Christie,1610612746,LAC,G,20.0,35,22,0.297,0.74,1.4,0.531,0.626,-0.095
1642355,Bronny James,1610612747,LAL,G,21.0,24,17,0.458,1.13,1.38,0.818,0.645,0.173
1642419,Jamison Battle,1610612761,TOR,F,24.0,35,25,0.429,0.74,1.37,0.542,0.635,-0.093
1631103,Malaki Branham,1610612764,WAS,F,22.0,25,16,0.358,0.92,1.36,0.676,0.632,0.045
1641724,Jett Howard,1610612753,ORL,G,22.0,34,23,0.374,0.79,1.35,0.587,0.621,-0.034
1628502,Nigel Hayes-Davis,1610612756,PHX,F,31.0,18,11,0.462,0.72,1.33,0.542,0.652,-0.11
1626192,Pat Connaughton,1610612766,CHA,G,33.0,22,15,0.319,0.82,1.32,0.621,0.623,-0.002
1641748,Andre Jackson Jr.,1610612749,MIL,G,24.0,23,16,0.435,0.83,1.3,0.633,0.619,0.015
1642868,Carter Bryant,1610612759,SAS,F,20.0,45,28,0.284,0.62,1.29,0.483,0.63,-0.147
1631204,Marcus Sasser,1610612765,DET,G,25.0,14,8,0.305,0.86,1.29,0.667,0.619,0.048
1630545,Terrence Shannon Jr.,1610612750,MIN,G-F,25.0,25,19,0.344,0.88,1.28,0.688,0.655,0.032
1642950,Lachlan Olbrich,1610612741,CHI,C,22.0,15,10,0.413,0.87,1.27,0.684,0.629,0.055
1629599,Amir Coffey,1610612756,PHX,G-F,28.0,30,21,0.322,0.6,1.27,0.474,0.614,-0.14
1641816,Hunter Tyson,1610612743,DEN,F,25.0,20,12,0.403,0.8,1.25,0.64,0.632,0.008
1631159,Leonard Miller,1610612741,CHI,F,22.0,16,13,0.308,0.94,1.25,0.75,0.597,0.153
1642282,Hunter Sallis,1610612755,PHI,G,22.0,4,2,0.417,1.0,1.25,0.8,0.605,0.195
1631116,Patrick Baldwin Jr.,1610612758,SAC,F,23.0,4,2,0.455,1.0,1.25,0.8,0.613,0.187
1631199,Ron Harper Jr.,1610612738,BOS,G-F,25.0,13,10,0.333,0.69,1.23,0.563,0.583,-0.02
1641801,Emanuel Miller,1610612759,SAS,F,25.0,5,4,0.545,0.8,1.2,0.667,0.628,0.039
1642404,Chaz Lanier,1610612765,DET,G,24.0,12,8,0.4,0.33,1.17,0.286,0.607,-0.321
1629680,Matisse Thybulle,1610612757,POR,G-F,28.0,8,6,0.375,0.75,1.13,0.667,0.569,0.097
1631451,Javonte Cooke,1610612757,POR,G,26.0,16,13,0.486,0.75,1.13,0.667,0.624,0.042
1642358,AJ Johnson,1610612742,DAL,G,21.0,27,15,0.333,0.59,1.11,0.533,0.582,-0.048
1641763,Julian Phillips,1610612750,MIN,F,22.0,31,18,0.288,0.61,1.1,0.559,0.611,-0.053
1642885,Mohamed Diawara,1610612752,NYK,F,20.0,41,24,0.344,0.76,1.1,0.689,0.617,0.072
1642964,Brooks Barnhizer,1610612760,OKC,G,23.0,27,17,0.293,0.59,1.07,0.552,0.609,-0.058
1642368,N'Faly Dante,1610612737,ATL,C,24.0,3,2,0.375,0.33,1.0,0.333,0.601,-0.268
1630639,A.J. Lawson,1610612761,TOR,G,25.0,11,7,0.344,0.45,1.0,0.455,0.602,-0.147
1642935,Chucky Hepburn,1610612761,TOR,G,23.0,2,2,0.333,1.0,1.0,1.0,0.611,0.389
1642434,Riley Minix,1610612739,CLE,F,25.0,3,3,0.6,0.67,1.0,0.667,0.575,0.091
1641725,Trey Alexander,1610612740,NOP,G,22.0,4,3,0.211,0.75,1.0,0.75,0.587,0.163
1643141,Jahmyl Telfort,1610612746,LAC,G,24.0,3,2,0.429,0.33,1.0,0.333,0.617,-0.284
1642886,Koby Brea,1610612756,PHX,G,23.0,4,3,0.333,0.25,1.0,0.25,0.605,-0.355
1641753,Chris Livingston,1610612739,CLE,F,22.0,1,1,0.333,1.0,1.0,1.0,0.624,0.376
200768,Kyle Lowry,1610612755,PHI,G,39.0,4,3,0.235,0.0,1.0,0.0,0.557,-0.557
1642443,Jahmir Young,1610612748,MIA,G,25.0,6,5,0.429,0.83,1.0,0.833,0.607,0.227
1642403,Isaac Jones,1610612765,DET,F,25.0,3,3,0.429,1.0,1.0,1.0,0.573,0.427
1641732,Colby Jones,1610612765,DET,G,23.0,1,1,1.0,1.0,1.0,1.0,0.719,0.281
1642911,Rocco Zikarsky,1610612750,MIN,C,19.0,1,1,0.5,1.0,1.0,1.0,0.58,0.42
1642910,John Tonje,1610612738,BOS,G,24.0,2,1,0.4,1.0,1.0,1.0,0.53,0.47
1642468,Darius Brown,1610612739,CLE,G,26.0,1,1,1.0,1.0,1.0,1.0,0.611,0.389
202687,Bismack Biyombo,1610612759,SAS,C,33.0,13,6,0.286,0.77,0.92,0.833,0.621,0.213
1629162,Jordan McLaughlin,1610612759,SAS,G,29.0,22,11,0.317,0.64,0.91,0.7,0.573,0.127
1630604,E.J. Liddell,1610612751,BKN,F,25.0,8,6,0.467,0.5,0.88,0.571,0.632,-0.06
1642876,Adou Thiero,1610612747,LAL,G,21.0,15,10,0.317,0.73,0.87,0.846,0.632,0.214
1642959,Chris Youngblood,1610612760,OKC,G,24.0,21,11,0.29,0.48,0.86,0.556,0.629,-0.074
1642359,Pacôme Dadiet,1610612752,NYK,F,20.0,12,6,0.5,0.42,0.83,0.5,0.581,-0.081
201569,Eric Gordon,1610612755,PHI,G,37.0,6,3,0.217,0.33,0.83,0.4,0.602,-0.202
204060,Joe Ingles,1610612750,MIN,F-G,38.0,10,7,0.421,0.6,0.8,0.75,0.664,0.086
201145,Jeff Green,1610612745,HOU,F,39.0,16,7,0.267,0.56,0.75,0.75,0.621,0.129
1641752,Bobi Klintman,1610612765,DET,F,22.0,8,3,0.24,0.38,0.75,0.5,0.586,-0.086
1641998,Trey Jemison III,1610612752,NYK,C,26.0,7,4,0.2,0.71,0.71,1.0,0.596,0.404
1630548,Johnny Juzang,1610612750,MIN,G,24.0,16,8,0.344,0.44,0.69,0.636,0.664,-0.027
1642400,Tristan Enaruna,1610612739,CLE,F,24.0,3,2,0.5,0.67,0.67,1.0,0.567,0.433
1642384,Isaiah Crawford,1610612745,HOU,F,24.0,3,1,0.2,0.33,0.67,0.5,0.546,-0.046
1642502,Malevy Leons,1610612744,GSW,F,26.0,6,4,0.333,0.5,0.67,0.75,0.611,0.139
1630625,Dalano Banton,1610612738,BOS,F,26.0,3,2,0.4,0.33,0.67,0.5,0.58,-0.08
1630623,Tyson Etienne,1610612751,BKN,G,26.0,5,3,0.25,0.4,0.6,0.667,0.638,0.029
1631216,Caleb Houstan,1610612737,ATL,G,23.0,5,2,0.375,0.6,0.6,1.0,0.679,0.321
1641794,Dillon Jones,1610612752,NYK,F,24.0,5,2,0.375,0.4,0.6,0.667,0.506,0.16
1641813,Mark Sears,1610612749,MIL,G,24.0,5,3,0.3,0.0,0.6,0.0,0.534,-0.534
1630322,Lindy Waters III,1610612759,SAS,F,28.0,24,12,0.2,0.33,0.5,0.667,0.65,0.017
1641787,Tosan Evbuomwan,1610612766,CHA,F,25.0,2,1,0.25,0.0,0.5,0.0,0.522,-0.522
1631210,Jacob Toppin,1610612737,ATL,F,25.0,2,1,0.5,0.0,0.5,0.0,0.539,-0.539
1641810,Antonio Reeves,1610612766,CHA,G,25.0,7,3,0.176,0.29,0.43,0.667,0.536,0.13
203648,Thanasis Antetokounmpo,1610612749,MIL,F,33.0,12,5,0.294,0.25,0.42,0.6,0.652,-0.052
1642938,Curtis Jones,1610612743,DEN,G,24.0,5,2,0.182,0.0,0.4,0.0,0.581,-0.581
202066,Garrett Temple,1610612761,TOR,G-F,39.0,8,2,0.154,0.13,0.25,0.5,0.531,-0.031
1631127,Harrison Ingram,1610612759,SAS,F,23.0,4,1,0.2,0.25,0.25,1.0,1.0,0.0
