CLOSE_DEF_PERSON_ID,PLAYER_NAME,PLAYER_LAST_TEAM_ID,PLAYER_LAST_TEAM_ABBREVIATION,PLAYER_POSITION,AGE,GP,G,FREQ,D_FGM,D_FGA,D_FG_PCT,NORMAL_FG_PCT,PCT_PLUSMINUS
1642270,Donovan Clingan,1610612757,POR,C,22.0,55,55,1.0,9.24,20.35,0.454,0.493,-0.039
1642259,Alex Sarr,1610612764,WAS,C,20.0,41,41,1.0,9.02,18.22,0.495,0.496,-0.001
203999,Nikola Jokić,1610612743,DEN,C,31.0,44,44,1.0,9.18,18.05,0.509,0.486,0.022
1630578,Alperen Sengun,1610612745,HOU,C,23.0,50,50,1.0,8.62,17.6,0.49,0.488,0.002
203497,Rudy Gobert,1610612750,MIN,C,33.0,57,57,1.0,7.6,17.23,0.441,0.492,-0.051
1630596,Evan Mobley,1610612739,CLE,C,24.0,46,46,1.0,7.46,17.17,0.434,0.488,-0.054
1641705,Victor Wembanyama,1610612759,SAS,F-C,22.0,45,45,1.0,6.98,16.89,0.413,0.496,-0.083
1629029,Luka Dončić,1610612747,LAL,F-G,27.0,46,46,1.0,7.93,16.52,0.48,0.47,0.01
202696,Nikola Vučević,1610612738,BOS,C,35.0,56,56,1.0,8.13,16.5,0.492,0.492,0.001
1642852,Derik Queen,1610612740,NOP,C,21.0,59,59,1.0,7.58,16.02,0.473,0.492,-0.019
1642273,Kyshawn George,1610612764,WAS,F,22.0,46,46,1.0,7.5,16.0,0.469,0.47,-0.001
203954,Joel Embiid,1610612755,PHI,C-F,31.0,33,33,1.0,7.15,15.73,0.455,0.483,-0.029
1628436,Luke Kornet,1610612759,SAS,C-F,30.0,49,49,1.0,6.96,15.71,0.443,0.495,-0.053
203076,Anthony Davis,1610612764,WAS,F-C,32.0,20,20,1.0,7.2,15.65,0.46,0.498,-0.038
1627826,Ivica Zubac,1610612754,IND,C,28.0,43,43,1.0,7.14,15.65,0.456,0.494,-0.037
1631117,Walker Kessler,1610612762,UTA,C,24.0,5,5,1.0,7.0,15.4,0.455,0.504,-0.05
1642843,Cooper Flagg,1610612742,DAL,F,19.0,49,49,1.0,6.92,15.14,0.457,0.468,-0.011
1626167,Myles Turner,1610612749,MIL,C-F,29.0,54,54,1.0,7.19,15.06,0.477,0.487,-0.01
1630168,Onyeka Okongwu,1610612737,ATL,F-C,25.0,55,55,1.0,7.24,15.04,0.481,0.491,-0.01
1627734,Domantas Sabonis,1610612758,SAC,F-C,29.0,19,19,1.0,8.63,15.0,0.575,0.508,0.067
1628991,Jaren Jackson Jr.,1610612762,UTA,F-C,26.0,48,48,1.0,6.4,14.94,0.428,0.482,-0.054
1629023,P.J. Washington,1610612742,DAL,F,27.0,42,42,1.0,6.98,14.93,0.467,0.48,-0.013
1628401,Derrick White,1610612738,BOS,G,31.0,57,57,1.0,6.3,14.63,0.43,0.461,-0.03
1630567,Scottie Barnes,1610612761,TOR,F-G,24.0,57,57,1.0,6.91,14.54,0.475,0.471,0.004
1630183,Jaden McDaniels,1610612750,MIN,F,25.0,58,58,1.0,6.34,14.41,0.44,0.473,-0.033
1631096,Chet Holmgren,1610612760,OKC,C-F,23.0,53,53,1.0,6.04,14.38,0.42,0.481,-0.061
1627750,Jamal Murray,1610612743,DEN,G,29.0,55,55,1.0,6.91,14.35,0.482,0.461,0.021
1630700,Dyson Daniels,1610612737,ATL,G,22.0,58,58,1.0,6.53,14.33,0.456,0.47,-0.014
1641739,Toumani Camara,1610612757,POR,F,25.0,60,60,1.0,7.18,14.25,0.504,0.474,0.03
1641824,Matas Buzelis,1610612741,CHI,F,21.0,60,60,1.0,6.58,14.23,0.463,0.472,-0.009
1631109,Mark Williams,1610612756,PHX,C,24.0,55,55,1.0,7.31,14.2,0.515,0.497,0.018
1628404,Josh Hart,1610612752,NYK,G,30.0,48,48,1.0,6.65,14.19,0.468,0.473,-0.004
1630583,Santi Aldama,1610612763,MEM,F-C,25.0,43,43,1.0,6.79,14.07,0.483,0.479,0.003
1629028,Deandre Ayton,1610612747,LAL,C,27.0,50,50,1.0,7.0,14.04,0.499,0.485,0.014
203952,Andrew Wiggins,1610612748,MIA,F,31.0,54,54,1.0,6.52,14.0,0.466,0.471,-0.006
1629645,Kevin Porter Jr.,1610612749,MIL,G-F,25.0,33,33,1.0,6.61,14.0,0.472,0.462,0.01
1631099,Keegan Murray,1610612758,SAC,F,25.0,23,23,1.0,7.3,13.91,0.525,0.483,0.042
1630595,Cade Cunningham,1610612765,DET,G,24.0,52,52,1.0,5.94,13.87,0.429,0.464,-0.035
204001,Kristaps Porziņģis,1610612744,GSW,F-C,30.0,18,18,1.0,5.72,13.78,0.415,0.494,-0.078
1627783,Pascal Siakam,1610612754,IND,F,31.0,52,52,1.0,6.67,13.77,0.485,0.479,0.005
1641730,Noah Clowney,1610612751,BKN,F-C,21.0,53,53,1.0,7.28,13.75,0.529,0.478,0.052
1628389,Bam Adebayo,1610612748,MIA,C-F,28.0,52,52,1.0,6.0,13.69,0.438,0.482,-0.044
1630530,Trey Murphy III,1610612740,NOP,F,25.0,52,52,1.0,6.92,13.67,0.506,0.472,0.035
203994,Jusuf Nurkić,1610612762,UTA,C,31.0,41,41,1.0,6.61,13.59,0.487,0.496,-0.01
1630581,Josh Giddey,1610612741,CHI,G,23.0,39,39,1.0,6.46,13.51,0.478,0.464,0.014
1631212,Peyton Watson,1610612743,DEN,G,23.0,49,49,1.0,6.29,13.51,0.465,0.469,-0.003
1643133,Lawson Lovering,1610612763,MEM,C,22.0,2,2,1.0,6.5,13.5,0.481,0.501,-0.02
1629651,Nic Claxton,1610612751,BKN,C,26.0,54,54,1.0,6.35,13.43,0.473,0.487,-0.014
1631094,Paolo Banchero,1610612753,ORL,F,23.0,48,48,1.0,6.44,13.4,0.481,0.473,0.007
1630559,Austin Reaves,1610612747,LAL,G,27.0,32,32,1.0,6.53,13.38,0.488,0.468,0.021
1641710,Anthony Black,1610612753,ORL,G,22.0,58,58,1.0,6.52,13.36,0.488,0.463,0.025
1631095,Jabari Smith Jr.,1610612745,HOU,F,22.0,57,57,1.0,6.04,13.3,0.454,0.467,-0.013
1642851,Kon Knueppel,1610612766,CHA,G-F,20.0,59,59,1.0,5.76,13.29,0.434,0.468,-0.034
1626157,Karl-Anthony Towns,1610612752,NYK,C-F,30.0,56,56,1.0,6.16,13.29,0.464,0.483,-0.02
1631217,Moussa Diabaté,1610612766,CHA,F,24.0,52,52,1.0,6.54,13.21,0.495,0.487,0.008
1628384,OG Anunoby,1610612752,NYK,F-G,28.0,46,46,1.0,5.78,13.17,0.439,0.472,-0.033
1641750,Ryan Kalkbrenner,1610612766,CHA,C,24.0,48,48,1.0,6.29,13.13,0.479,0.492,-0.013
1642875,Maxime Raynaud,1610612758,SAC,C,22.0,53,53,1.0,6.75,13.13,0.514,0.492,0.023
1629638,Nickeil Alexander-Walker,1610612737,ATL,G,27.0,58,58,1.0,6.76,13.1,0.516,0.464,0.052
1641718,Keyonte George,1610612762,UTA,G,22.0,48,48,1.0,6.77,13.1,0.517,0.468,0.049
1631157,Ryan Rollins,1610612749,MIL,G,23.0,56,56,1.0,5.96,13.09,0.456,0.461,-0.005
1627751,Jakob Poeltl,1610612761,TOR,C,30.0,25,25,1.0,6.28,13.08,0.48,0.483,-0.003
1628976,Wendell Carter Jr.,1610612753,ORL,C-F,26.0,56,56,1.0,6.07,13.02,0.466,0.492,-0.026
1642845,VJ Edgecombe,1610612755,PHI,G,20.0,55,55,1.0,6.05,12.98,0.466,0.464,0.002
1631170,Jaime Jaquez Jr.,1610612748,MIA,G,25.0,55,55,1.0,5.89,12.98,0.454,0.464,-0.01
1630552,Jalen Johnson,1610612737,ATL,F,24.0,54,54,1.0,6.22,12.98,0.479,0.475,0.004
1628973,Jalen Brunson,1610612752,NYK,G,29.0,54,54,1.0,6.43,12.96,0.496,0.463,0.033
201935,James Harden,1610612739,CLE,G,36.0,51,51,1.0,6.08,12.94,0.47,0.467,0.003
1628386,Jarrett Allen,1610612739,CLE,C,27.0,49,49,1.0,6.0,12.92,0.464,0.505,-0.04
1630532,Franz Wagner,1610612753,ORL,F,24.0,28,28,1.0,6.32,12.82,0.493,0.473,0.02
1629639,Tyler Herro,1610612748,MIA,G,26.0,15,15,1.0,6.0,12.67,0.474,0.459,0.015
1630178,Tyrese Maxey,1610612755,PHI,G,25.0,57,57,1.0,5.84,12.65,0.462,0.459,0.003
1629628,RJ Barrett,1610612761,TOR,F-G,25.0,35,35,1.0,5.6,12.6,0.444,0.463,-0.018
1629674,Neemias Queta,1610612738,BOS,C,26.0,55,55,1.0,5.62,12.58,0.447,0.491,-0.045
1630166,Deni Avdija,1610612757,POR,F,25.0,48,48,1.0,6.27,12.56,0.499,0.474,0.025
1631260,AJ Green,1610612749,MIL,G,26.0,54,54,1.0,5.83,12.54,0.465,0.461,0.004
203468,CJ McCollum,1610612737,ATL,G,34.0,56,56,1.0,5.82,12.52,0.465,0.458,0.007
1641706,Brandon Miller,1610612766,CHA,F,23.0,43,43,1.0,5.4,12.51,0.431,0.469,-0.037
1626162,Kelly Oubre Jr.,1610612755,PHI,F-G,30.0,37,37,1.0,5.84,12.49,0.468,0.468,0.0
1629655,Daniel Gafford,1610612742,DAL,F-C,27.0,42,42,1.0,6.0,12.43,0.483,0.497,-0.014
1631128,Christian Braun,1610612743,DEN,G,24.0,24,24,1.0,5.42,12.42,0.436,0.471,-0.035
1631105,Jalen Duren,1610612765,DET,C,22.0,48,48,1.0,5.77,12.42,0.465,0.488,-0.023
203110,Draymond Green,1610612744,GSW,F,35.0,48,48,1.0,5.5,12.4,0.444,0.488,-0.044
1628969,Mikal Bridges,1610612752,NYK,G-F,29.0,60,60,1.0,5.63,12.32,0.457,0.469,-0.011
203500,Steven Adams,1610612745,HOU,C,32.0,32,32,1.0,5.31,12.31,0.431,0.495,-0.063
1631108,Max Christie,1610612742,DAL,G,23.0,54,54,1.0,5.74,12.28,0.468,0.466,0.001
1631222,Jake LaRavia,1610612747,LAL,F,24.0,58,58,1.0,6.07,12.19,0.498,0.469,0.029
1628983,Shai Gilgeous-Alexander,1610612760,OKC,G,27.0,50,50,1.0,5.1,12.14,0.42,0.463,-0.043
1628374,Lauri Markkanen,1610612762,UTA,F-C,28.0,42,42,1.0,5.57,12.12,0.46,0.474,-0.015
1641744,Zach Edey,1610612763,MEM,C,23.0,11,11,1.0,5.18,12.09,0.429,0.494,-0.065
1641717,Cason Wallace,1610612760,OKC,G,22.0,58,58,1.0,5.33,12.05,0.442,0.466,-0.024
1642276,Kel'el Ware,1610612748,MIA,C,21.0,56,56,1.0,5.61,12.02,0.467,0.499,-0.032
1628415,Dillon Brooks,1610612756,PHX,G-F,30.0,50,50,1.0,5.6,11.92,0.47,0.473,-0.003
201142,Kevin Durant,1610612745,HOU,F,37.0,55,55,1.0,5.09,11.91,0.427,0.467,-0.04
1628368,De'Aaron Fox,1610612759,SAS,G,28.0,50,50,1.0,5.6,11.86,0.472,0.46,0.012
1630174,Aaron Nesmith,1610612754,IND,G-F,26.0,33,33,1.0,5.27,11.85,0.445,0.47,-0.025
1628392,Isaiah Hartenstein,1610612760,OKC,C-F,27.0,34,34,1.0,5.09,11.85,0.429,0.489,-0.06
203944,Julius Randle,1610612750,MIN,F-C,31.0,60,60,1.0,5.7,11.72,0.486,0.482,0.004
1631230,Dominick Barlow,1610612755,PHI,F,22.0,48,48,1.0,5.54,11.71,0.473,0.475,-0.001
203932,Aaron Gordon,1610612743,DEN,F,30.0,23,23,1.0,5.22,11.7,0.446,0.484,-0.038
1629636,Darius Garland,1610612746,LAC,G,26.0,26,26,1.0,5.96,11.69,0.51,0.459,0.051
1642907,Cedric Coward,1610612763,MEM,G,22.0,48,48,1.0,5.21,11.67,0.446,0.466,-0.02
1630162,Anthony Edwards,1610612750,MIN,G,24.0,50,50,1.0,5.46,11.64,0.469,0.469,0.0
1630695,Micah Potter,1610612754,IND,C,27.0,26,26,1.0,5.88,11.62,0.507,0.482,0.024
1629614,Andrew Nembhard,1610612754,IND,G-F,26.0,47,47,1.0,6.04,11.57,0.522,0.467,0.055
1630590,Scotty Pippen Jr.,1610612763,MEM,G,25.0,7,7,1.0,6.0,11.57,0.519,0.447,0.072
1630191,Isaiah Stewart,1610612765,DET,F-C,24.0,48,48,1.0,5.13,11.56,0.443,0.477,-0.034
1627759,Jaylen Brown,1610612738,BOS,G-F,29.0,53,53,1.0,4.81,11.53,0.417,0.466,-0.049
1642847,Jeremiah Fears,1610612740,NOP,G,19.0,60,60,1.0,5.73,11.5,0.499,0.466,0.032
1628970,Miles Bridges,1610612766,CHA,F,27.0,55,55,1.0,5.25,11.47,0.458,0.477,-0.019
1628960,Grayson Allen,1610612756,PHX,G,30.0,38,38,1.0,5.5,11.39,0.483,0.467,0.015
201143,Al Horford,1610612744,GSW,C-F,39.0,37,37,1.0,5.19,11.38,0.456,0.484,-0.028
1628381,John Collins,1610612746,LAC,F-C,28.0,53,53,1.0,4.81,11.34,0.424,0.47,-0.046
1642271,Kyle Filipowski,1610612762,UTA,C,22.0,58,58,1.0,5.67,11.31,0.502,0.478,0.024
1630643,Jay Huff,1610612754,IND,C,28.0,59,59,1.0,5.27,11.29,0.467,0.491,-0.024
1642263,Reed Sheppard,1610612745,HOU,G,21.0,58,58,1.0,5.24,11.26,0.466,0.456,0.009
1642264,Stephon Castle,1610612759,SAS,G,21.0,49,49,1.0,4.86,11.24,0.432,0.47,-0.038
1630558,Davion Mitchell,1610612748,MIA,G,27.0,49,49,1.0,5.08,11.22,0.453,0.462,-0.009
1642281,Jaylon Tyson,1610612739,CLE,G-F,23.0,56,56,1.0,4.91,11.16,0.44,0.462,-0.022
1630572,Sandro Mamukelashvili,1610612761,TOR,F-C,26.0,57,57,1.0,5.18,11.14,0.465,0.472,-0.008
203897,Zach LaVine,1610612758,SAC,G,30.0,39,39,1.0,5.64,11.1,0.508,0.475,0.033
1629652,Luguentz Dort,1610612760,OKC,G,26.0,50,50,1.0,4.94,11.1,0.445,0.466,-0.021
1630591,Jalen Suggs,1610612753,ORL,G,24.0,35,35,1.0,5.43,11.09,0.49,0.469,0.02
202331,Paul George,1610612755,PHI,F,35.0,27,27,1.0,5.41,11.04,0.49,0.468,0.022
1631221,Collin Gillespie,1610612756,PHX,G,26.0,59,59,1.0,5.17,11.03,0.469,0.462,0.006
201599,DeAndre Jordan,1610612740,NOP,C,37.0,5,5,1.0,3.6,11.0,0.327,0.475,-0.147
1641778,Leaky Black,1610612764,WAS,F,26.0,1,1,1.0,5.0,11.0,0.455,0.463,-0.008
1626220,Royce O'Neale,1610612756,PHX,F,32.0,60,60,1.0,5.2,10.98,0.473,0.477,-0.004
1630230,Naji Marshall,1610612742,DAL,F,28.0,58,58,1.0,5.24,10.97,0.478,0.474,0.004
1627742,Brandon Ingram,1610612761,TOR,F,28.0,57,57,1.0,4.82,10.95,0.441,0.462,-0.021
202695,Kawhi Leonard,1610612746,LAC,F,34.0,44,44,1.0,5.64,10.86,0.519,0.472,0.047
1629630,Ja Morant,1610612763,MEM,G,26.0,20,20,1.0,5.4,10.85,0.498,0.463,0.034
1630171,Isaac Okoro,1610612741,CHI,F-G,25.0,50,50,1.0,4.96,10.84,0.458,0.474,-0.016
1630193,Immanuel Quickley,1610612761,TOR,G,26.0,56,56,1.0,4.88,10.82,0.45,0.455,-0.005
1630540,Miles McBride,1610612752,NYK,G,25.0,35,35,1.0,4.86,10.77,0.451,0.457,-0.006
1630217,Desmond Bane,1610612753,ORL,G,27.0,58,58,1.0,4.66,10.76,0.433,0.46,-0.028
1626164,Devin Booker,1610612756,PHX,G,29.0,44,44,1.0,4.75,10.75,0.442,0.467,-0.025
1628978,Donte DiVincenzo,1610612750,MIN,G,29.0,60,60,1.0,5.05,10.72,0.471,0.464,0.007
1642928,Dylan Cardwell,1610612758,SAC,C,24.0,29,29,1.0,4.76,10.66,0.447,0.487,-0.04
1629008,Michael Porter Jr.,1610612751,BKN,F,27.0,47,47,1.0,5.43,10.64,0.51,0.476,0.034
1641709,Ausar Thompson,1610612765,DET,G-F,23.0,54,54,1.0,4.74,10.63,0.446,0.465,-0.019
1627739,Kris Dunn,1610612746,LAC,G,31.0,58,58,1.0,4.76,10.47,0.455,0.466,-0.012
1642258,Zaccharie Risacher,1610612737,ATL,F,20.0,47,47,1.0,5.11,10.43,0.49,0.464,0.026
1631101,Shaedon Sharpe,1610612757,POR,G,22.0,48,48,1.0,5.44,10.42,0.522,0.464,0.058
1630577,Julian Champagnie,1610612759,SAS,F,24.0,59,59,1.0,4.95,10.37,0.477,0.464,0.013
201572,Brook Lopez,1610612746,LAC,C,37.0,51,51,1.0,4.43,10.33,0.429,0.496,-0.067
1630173,Precious Achiuwa,1610612758,SAC,F,26.0,52,52,1.0,4.87,10.33,0.471,0.488,-0.017
1642867,Collin Murray-Boyles,1610612761,TOR,F,20.0,47,47,1.0,4.64,10.32,0.449,0.478,-0.029
1630541,Moses Moody,1610612744,GSW,G,23.0,57,57,1.0,4.74,10.28,0.461,0.466,-0.005
1628971,Bruce Brown,1610612743,DEN,G-F,29.0,60,60,1.0,4.78,10.27,0.466,0.462,0.004
1642377,Jaylen Wells,1610612763,MEM,F,22.0,57,57,1.0,4.79,10.26,0.467,0.471,-0.004
1629731,Dean Wade,1610612739,CLE,F-C,29.0,47,47,1.0,4.28,10.26,0.417,0.467,-0.05
1629661,Cameron Johnson,1610612743,DEN,F,29.0,36,36,1.0,4.81,10.25,0.469,0.463,0.006
1629627,Zion Williamson,1610612740,NOP,F,25.0,44,44,1.0,4.7,10.23,0.46,0.471,-0.011
1629632,Coby White,1610612766,CHA,G,26.0,31,31,1.0,4.9,10.23,0.479,0.461,0.018
201950,Jrue Holiday,1610612757,POR,G,35.0,31,31,1.0,4.81,10.23,0.47,0.471,-0.001
1629675,Naz Reid,1610612750,MIN,C-F,26.0,59,59,1.0,4.61,10.22,0.451,0.473,-0.022
1642274,Yves Missi,1610612740,NOP,C,21.0,47,47,1.0,4.34,10.21,0.425,0.48,-0.055
1626171,Bobby Portis,1610612749,MIL,F,31.0,56,56,1.0,5.3,10.2,0.52,0.483,0.037
1630202,Payton Pritchard,1610612738,BOS,G,28.0,58,58,1.0,4.74,10.1,0.469,0.457,0.012
203083,Andre Drummond,1610612755,PHI,C,32.0,43,43,1.0,5.21,10.09,0.516,0.498,0.018
1631119,Jaylin Williams,1610612760,OKC,F,23.0,46,46,1.0,4.37,10.09,0.433,0.485,-0.052
1629060,Rui Hachimura,1610612747,LAL,F,28.0,47,47,1.0,5.3,10.06,0.526,0.469,0.057
1642366,Quinten Post,1610612744,GSW,C,25.0,58,58,1.0,4.5,10.03,0.448,0.483,-0.034
1629027,Trae Young,1610612764,WAS,G,27.0,10,10,1.0,5.4,10.0,0.54,0.453,0.087
1630699,MarJon Beauchamp,1610612755,PHI,F,25.0,2,2,1.0,3.0,10.0,0.3,0.422,-0.122
1628963,Marvin Bagley III,1610612742,DAL,F,26.0,45,45,1.0,4.44,9.98,0.445,0.487,-0.042
201939,Stephen Curry,1610612744,GSW,G,37.0,39,39,1.0,4.95,9.97,0.496,0.461,0.035
1629130,Duncan Robinson,1610612765,DET,F,31.0,56,56,1.0,4.38,9.95,0.44,0.458,-0.018
1630598,Aaron Wiggins,1610612760,OKC,G,27.0,46,46,1.0,4.67,9.91,0.471,0.468,0.003
1641708,Amen Thompson,1610612745,HOU,G-F,23.0,56,56,1.0,4.3,9.91,0.434,0.466,-0.032
1631097,Bennedict Mathurin,1610612746,LAC,G-F,23.0,34,34,1.0,4.94,9.91,0.499,0.471,0.027
1642846,Ace Bailey,1610612762,UTA,F,19.0,52,52,1.0,4.73,9.9,0.478,0.47,0.008
202699,Tobias Harris,1610612765,DET,F,33.0,42,42,1.0,4.4,9.88,0.446,0.472,-0.026
202710,Jimmy Butler III,1610612744,GSW,F,36.0,38,38,1.0,4.95,9.87,0.501,0.469,0.032
1630200,Tre Jones,1610612741,CHI,G,26.0,43,43,1.0,4.79,9.84,0.487,0.456,0.031
1641796,Pelle Larsson,1610612748,MIA,G,25.0,48,48,1.0,4.52,9.83,0.46,0.458,0.002
203992,Bogdan Bogdanović,1610612746,LAC,G,33.0,17,17,1.0,4.88,9.82,0.497,0.467,0.03
201942,DeMar DeRozan,1610612758,SAC,G-F,36.0,61,61,1.0,5.15,9.82,0.524,0.479,0.045
1629111,Jock Landale,1610612737,ATL,C,30.0,54,54,1.0,4.96,9.78,0.508,0.495,0.013
1641726,Dereck Lively II,1610612742,DAL,C,22.0,7,7,1.0,5.14,9.71,0.529,0.49,0.039
1642883,Sion James,1610612766,CHA,G,23.0,60,60,1.0,4.4,9.7,0.454,0.471,-0.017
1630529,Herbert Jones,1610612740,NOP,F,27.0,37,37,1.0,4.81,9.68,0.497,0.477,0.02
1642856,Egor Dëmin,1610612751,BKN,G,19.0,52,52,1.0,4.9,9.65,0.508,0.468,0.04
1629684,Grant Williams,1610612766,CHA,F,27.0,18,18,1.0,3.72,9.61,0.387,0.467,-0.08
2544,LeBron James,1610612747,LAL,F,41.0,40,40,1.0,4.58,9.58,0.478,0.468,0.01
1630573,Sam Hauser,1610612738,BOS,F,28.0,56,56,1.0,4.45,9.57,0.465,0.462,0.003
1629631,De'Andre Hunter,1610612758,SAC,F-G,28.0,45,45,1.0,4.73,9.56,0.495,0.477,0.018
1628398,Kyle Kuzma,1610612749,MIL,F,30.0,55,55,1.0,4.15,9.55,0.434,0.473,-0.039
203507,Giannis Antetokounmpo,1610612749,MIL,F,31.0,30,30,1.0,4.23,9.53,0.444,0.479,-0.035
203935,Marcus Smart,1610612747,LAL,G,31.0,48,48,1.0,4.29,9.52,0.451,0.459,-0.009
1642268,Isaiah Collier,1610612762,UTA,G,21.0,51,51,1.0,5.04,9.51,0.53,0.469,0.061
1629656,Quentin Grimes,1610612755,PHI,G,25.0,53,53,1.0,4.09,9.51,0.431,0.457,-0.026
1631107,Nikola Jović,1610612748,MIA,F,22.0,43,43,1.0,4.21,9.51,0.443,0.469,-0.027
1631214,Alondes Williams,1610612764,WAS,G,26.0,4,4,1.0,4.75,9.5,0.5,0.423,0.077
1628378,Donovan Mitchell,1610612739,CLE,G,29.0,55,55,1.0,4.55,9.49,0.479,0.466,0.013
203114,Khris Middleton,1610612742,DAL,F,34.0,41,41,1.0,4.39,9.49,0.463,0.475,-0.012
1642364,Jamir Watkins,1610612764,WAS,F,24.0,27,27,1.0,4.78,9.48,0.504,0.473,0.031
1630170,Devin Vassell,1610612759,SAS,G-F,25.0,46,46,1.0,4.3,9.48,0.454,0.47,-0.016
203471,Dennis Schröder,1610612739,CLE,G,32.0,50,50,1.0,4.44,9.46,0.469,0.465,0.004
1630533,Ziaire Williams,1610612751,BKN,F,24.0,41,41,1.0,4.66,9.46,0.492,0.462,0.031
1641764,Brandin Podziemski,1610612744,GSW,G,23.0,59,59,1.0,4.47,9.42,0.475,0.471,0.004
1629673,Jordan Poole,1610612740,NOP,G,26.0,32,32,1.0,4.31,9.41,0.458,0.453,0.006
1642363,Nique Clifford,1610612758,SAC,G,24.0,57,57,1.0,4.35,9.39,0.464,0.467,-0.003
1631106,Tari Eason,1610612745,HOU,F,24.0,36,36,1.0,4.44,9.36,0.475,0.469,0.005
203924,Jerami Grant,1610612757,POR,F,31.0,44,44,1.0,4.3,9.36,0.459,0.471,-0.012
1627884,Derrick Jones Jr.,1610612746,LAC,F,29.0,26,26,1.0,3.73,9.35,0.399,0.476,-0.077
1630241,Sam Merrill,1610612739,CLE,G,29.0,37,37,1.0,4.43,9.3,0.477,0.468,0.009
203501,Tim Hardaway Jr.,1610612743,DEN,G-F,33.0,59,59,1.0,4.56,9.24,0.494,0.458,0.035
1642267,Bub Carrington,1610612764,WAS,G,20.0,58,58,1.0,4.43,9.17,0.483,0.465,0.018
1629004,Svi Mykhailiuk,1610612762,UTA,G-F,28.0,47,47,1.0,4.45,9.15,0.486,0.47,0.016
201566,Russell Westbrook,1610612758,SAC,G,37.0,56,56,1.0,4.77,9.14,0.521,0.477,0.045
1629011,Mitchell Robinson,1610612752,NYK,C-F,27.0,43,43,1.0,4.12,9.14,0.45,0.489,-0.038
1630188,Jalen Smith,1610612741,CHI,F-C,25.0,45,45,1.0,4.2,9.11,0.461,0.487,-0.026
1628989,Kevin Huerter,1610612765,DET,G-F,27.0,49,49,1.0,4.22,9.1,0.464,0.457,0.007
1642277,Johnny Furphy,1610612754,IND,G,21.0,34,34,1.0,4.71,9.06,0.519,0.465,0.055
1629611,Terance Mann,1610612751,BKN,G-F,29.0,51,51,1.0,4.27,9.02,0.474,0.467,0.007
1642345,Oso Ighodaro,1610612756,PHX,F,23.0,60,60,1.0,3.98,9.02,0.442,0.477,-0.035
203084,Harrison Barnes,1610612759,SAS,F,33.0,59,59,1.0,4.15,9.0,0.461,0.474,-0.013
1630314,Brandon Williams,1610612742,DAL,G,26.0,51,51,1.0,4.37,8.94,0.489,0.453,0.036
1631121,Bryce McGowens,1610612740,NOP,G,23.0,34,34,1.0,4.44,8.94,0.497,0.473,0.024
1631246,Vince Williams Jr.,1610612762,UTA,G,25.0,40,40,1.0,3.9,8.93,0.437,0.469,-0.032
1629014,Anfernee Simons,1610612741,CHI,G,26.0,55,55,1.0,4.16,8.89,0.468,0.455,0.013
1630249,Vít Krejčí,1610612757,POR,G,25.0,56,56,1.0,4.45,8.88,0.501,0.457,0.044
1641765,Olivier-Maxence Prosper,1610612763,MEM,F,23.0,29,29,1.0,4.14,8.86,0.467,0.477,-0.01
1630180,Saddiq Bey,1610612740,NOP,G-F,26.0,53,53,1.0,4.23,8.81,0.48,0.476,0.003
1642874,Danny Wolf,1610612751,BKN,F,21.0,44,44,1.0,3.93,8.8,0.447,0.469,-0.022
1631132,Christian Koloko,1610612737,ATL,C,25.0,21,21,1.0,3.95,8.76,0.451,0.489,-0.038
1629013,Landry Shamet,1610612752,NYK,G,28.0,34,34,1.0,4.18,8.76,0.477,0.455,0.021
1642383,Walter Clayton Jr.,1610612763,MEM,G,22.0,51,51,1.0,4.04,8.75,0.462,0.454,0.008
1630167,Obi Toppin,1610612754,IND,F,27.0,4,4,1.0,4.0,8.75,0.457,0.476,-0.019
1626156,D'Angelo Russell,1610612764,WAS,G,30.0,26,26,1.0,4.0,8.73,0.458,0.459,-0.001
1630551,Justin Champagnie,1610612764,WAS,G-F,24.0,51,51,1.0,4.31,8.67,0.498,0.471,0.027
1631114,Jalen Williams,1610612760,OKC,G-F,24.0,26,26,1.0,3.85,8.65,0.444,0.467,-0.023
1626181,Norman Powell,1610612748,MIA,G,32.0,48,48,1.0,4.46,8.65,0.516,0.463,0.053
1641713,GG Jackson,1610612763,MEM,F,21.0,34,34,1.0,4.18,8.65,0.483,0.468,0.015
1629001,De'Anthony Melton,1610612744,GSW,G,27.0,31,31,1.0,4.58,8.65,0.53,0.468,0.062
1642857,Kasparas Jakučionis,1610612748,MIA,G,19.0,30,30,1.0,4.23,8.6,0.492,0.461,0.031
1641854,Craig Porter Jr.,1610612739,CLE,G,26.0,52,52,1.0,3.98,8.58,0.464,0.46,0.004
1630228,Jonathan Kuminga,1610612737,ATL,F,23.0,22,22,1.0,4.23,8.55,0.495,0.469,0.026
1642461,Spencer Jones,1610612743,DEN,F,24.0,49,49,1.0,3.86,8.53,0.452,0.468,-0.016
1641783,Tristan da Silva,1610612753,ORL,F,24.0,53,53,1.0,4.04,8.51,0.475,0.462,0.013
1642942,Jahmai Mashack,1610612763,MEM,G,23.0,14,14,1.0,4.36,8.5,0.513,0.461,0.052
1627749,Dejounte Murray,1610612740,NOP,G,29.0,2,2,1.0,4.0,8.5,0.471,0.437,0.034
1630245,Ayo Dosunmu,1610612750,MIN,G,26.0,52,52,1.0,3.5,8.46,0.414,0.458,-0.044
1630543,Isaiah Jackson,1610612746,LAC,F,24.0,40,40,1.0,4.28,8.45,0.506,0.496,0.01
1629057,Robert Williams III,1610612757,POR,C-F,28.0,41,41,1.0,3.59,8.44,0.425,0.478,-0.053
1628380,Zach Collins,1610612741,CHI,F-C,28.0,10,10,1.0,3.7,8.4,0.44,0.484,-0.044
1641757,Jordan Miller,1610612746,LAC,G,26.0,36,36,1.0,3.83,8.39,0.457,0.455,0.002
1641790,PJ Hall,1610612766,CHA,C,24.0,16,16,1.0,3.94,8.38,0.47,0.477,-0.007
1642848,Tre Johnson,1610612764,WAS,G,19.0,45,45,1.0,4.04,8.38,0.483,0.457,0.026
1630611,Gui Santos,1610612744,GSW,F,23.0,45,45,1.0,4.07,8.36,0.487,0.472,0.015
1642849,Nolan Traore,1610612751,BKN,G,19.0,37,37,1.0,3.97,8.35,0.476,0.465,0.011
1629637,Jaxson Hayes,1610612747,LAL,C-F,25.0,48,48,1.0,3.77,8.33,0.453,0.483,-0.03
1631245,Quenton Jackson,1610612754,IND,G,27.0,27,27,1.0,3.7,8.3,0.446,0.459,-0.013
1631165,Keon Ellis,1610612739,CLE,G,26.0,52,52,1.0,3.83,8.25,0.464,0.464,0.0
1641716,Jarace Walker,1610612754,IND,F,22.0,59,59,1.0,4.03,8.22,0.491,0.467,0.023
1642285,Cam Spencer,1610612763,MEM,G,25.0,56,56,1.0,4.11,8.21,0.5,0.463,0.037
1642349,Ajay Mitchell,1610612760,OKC,G,23.0,43,43,1.0,3.09,8.19,0.378,0.454,-0.076
1641729,Brice Sensabaugh,1610612762,UTA,F,22.0,55,55,1.0,3.98,8.16,0.488,0.46,0.027
1628366,Lonzo Ball,1610612739,CLE,G,28.0,35,35,1.0,3.43,8.14,0.421,0.463,-0.042
1641731,Bilal Coulibaly,1610612764,WAS,G,21.0,38,38,1.0,3.95,8.13,0.485,0.479,0.007
1630557,Corey Kispert,1610612737,ATL,F,26.0,40,40,1.0,3.75,8.13,0.462,0.462,-0.001
1630163,LaMelo Ball,1610612766,CHA,G,24.0,50,50,1.0,4.06,8.1,0.501,0.457,0.044
1642266,Ja'Kobe Walter,1610612761,TOR,G,21.0,49,49,1.0,3.84,8.08,0.475,0.465,0.01
201567,Kevin Love,1610612762,UTA,F-C,37.0,31,31,1.0,4.35,8.03,0.542,0.49,0.052
1630568,Luka Garza,1610612738,BOS,C,27.0,48,48,1.0,3.98,8.0,0.497,0.485,0.012
1629660,Ty Jerome,1610612763,MEM,G-F,28.0,8,8,1.0,3.5,8.0,0.438,0.475,-0.037
1629048,Goga Bitadze,1610612753,ORL,C-F,26.0,43,43,1.0,3.74,8.0,0.468,0.484,-0.016
1630621,Hunter Dickinson,1610612740,NOP,C,25.0,1,1,1.0,4.0,8.0,0.5,0.467,0.033
1641774,Tristan Vukcevic,1610612764,WAS,F,22.0,36,36,1.0,3.89,7.94,0.49,0.482,0.008
1641737,Adem Bona,1610612755,PHI,F,22.0,50,50,1.0,3.62,7.94,0.456,0.482,-0.027
1642954,Will Richard,1610612744,GSW,G,23.0,51,51,1.0,3.82,7.92,0.483,0.46,0.023
1642262,Cody Williams,1610612762,UTA,F,21.0,43,43,1.0,3.86,7.91,0.488,0.465,0.023
1630703,Scoot Henderson,1610612757,POR,G,22.0,8,8,1.0,4.5,7.88,0.571,0.481,0.09
1631200,Kris Murray,1610612757,POR,F,25.0,38,38,1.0,3.47,7.87,0.441,0.465,-0.024
1642346,Ryan Dunn,1610612756,PHX,F,23.0,53,53,1.0,3.55,7.85,0.452,0.467,-0.015
1627741,Buddy Hield,1610612737,ATL,G,33.0,45,45,1.0,3.84,7.84,0.49,0.463,0.027
1627747,Caris LeVert,1610612765,DET,G,31.0,41,41,1.0,3.61,7.83,0.461,0.461,0.0
1630198,Isaiah Joe,1610612760,OKC,G,26.0,52,52,1.0,3.56,7.83,0.455,0.458,-0.004
1630549,Day'Ron Sharpe,1610612751,BKN,C,24.0,57,57,1.0,3.93,7.81,0.503,0.482,0.021
203939,Dwight Powell,1610612742,DAL,F-C,34.0,39,39,1.0,3.95,7.79,0.507,0.493,0.014
1626172,Kevon Looney,1610612740,NOP,F,30.0,18,18,1.0,3.78,7.78,0.486,0.485,0.001
1641707,Taylor Hendricks,1610612763,MEM,F,22.0,40,40,1.0,3.85,7.75,0.497,0.469,0.028
203937,Kyle Anderson,1610612763,MEM,F-G,32.0,24,24,1.0,4.25,7.75,0.548,0.457,0.091
1630696,Dru Smith,1610612748,MIA,G,28.0,58,58,1.0,3.33,7.74,0.43,0.459,-0.029
1629012,Collin Sexton,1610612741,CHI,G,27.0,50,50,1.0,3.46,7.64,0.453,0.458,-0.006
1631169,Josh Minott,1610612751,BKN,F,23.0,34,34,1.0,3.35,7.56,0.444,0.469,-0.026
1630192,Zeke Nnaji,1610612743,DEN,F-C,25.0,35,35,1.0,3.06,7.54,0.405,0.481,-0.075
1629640,Keldon Johnson,1610612759,SAS,F-G,26.0,59,59,1.0,3.44,7.54,0.456,0.475,-0.018
1630631,Jose Alvarado,1610612752,NYK,G,27.0,49,49,1.0,3.71,7.53,0.493,0.463,0.031
1630692,Jordan Goodwin,1610612756,PHX,G,27.0,54,54,1.0,3.7,7.5,0.494,0.466,0.028
1642347,Jamal Shead,1610612761,TOR,G,23.0,59,59,1.0,3.59,7.47,0.481,0.457,0.024
1641775,Jordan Walsh,1610612738,BOS,G,21.0,51,51,1.0,3.41,7.47,0.457,0.468,-0.011
1627936,Alex Caruso,1610612760,OKC,G,32.0,40,40,1.0,3.33,7.43,0.448,0.472,-0.024
1630172,Patrick Williams,1610612741,CHI,F,24.0,55,55,1.0,3.65,7.38,0.495,0.475,0.02
1629723,John Konchar,1610612762,UTA,G,29.0,35,35,1.0,3.2,7.37,0.434,0.462,-0.028
1642354,KJ Simpson,1610612743,DEN,G,23.0,14,14,1.0,3.14,7.36,0.427,0.452,-0.025
1628379,Luke Kennard,1610612747,LAL,G,29.0,53,53,1.0,3.7,7.3,0.506,0.454,0.053
1641767,Ben Sheppard,1610612754,IND,G,24.0,49,49,1.0,3.35,7.29,0.459,0.459,0.001
1642920,Kobe Sanders,1610612746,LAC,G,23.0,48,48,1.0,3.48,7.27,0.479,0.461,0.018
1627752,Taurean Prince,1610612749,MIL,F,31.0,8,8,1.0,3.88,7.25,0.534,0.457,0.078
1630194,Paul Reed,1610612765,DET,F,26.0,41,41,1.0,2.93,7.24,0.404,0.487,-0.083
1642914,Javon Small,1610612763,MEM,G,23.0,23,23,1.0,3.26,7.22,0.452,0.451,0.001
202685,Jonas Valančiūnas,1610612743,DEN,C,33.0,48,48,1.0,3.63,7.21,0.503,0.488,0.015
1628370,Malik Monk,1610612758,SAC,G,28.0,48,48,1.0,3.54,7.19,0.493,0.453,0.04
1642948,Ryan Nembhard,1610612742,DAL,G,22.0,38,38,1.0,3.24,7.16,0.452,0.465,-0.013
1641842,Ronald Holland II,1610612765,DET,F,20.0,54,54,1.0,3.11,7.15,0.435,0.459,-0.024
1629234,Drew Eubanks,1610612758,SAC,F-C,29.0,35,35,1.0,3.66,7.14,0.512,0.501,0.011
1630560,Cam Thomas,1610612749,MIL,G,24.0,32,32,1.0,3.94,7.13,0.553,0.469,0.084
201144,Mike Conley,1610612750,MIN,G,38.0,46,46,1.0,3.46,7.11,0.486,0.462,0.024
1642879,Ben Saraf,1610612751,BKN,G,19.0,23,23,1.0,3.96,7.09,0.558,0.459,0.099
1642275,Tidjane Salaün,1610612766,CHA,F,20.0,34,34,1.0,3.44,7.09,0.485,0.454,0.031
1631323,Simone Fontecchio,1610612748,MIA,F,30.0,54,54,1.0,3.07,7.06,0.436,0.458,-0.023
1642272,Jared McCain,1610612760,OKC,G,22.0,45,45,1.0,3.51,7.02,0.5,0.458,0.042
1630311,Pat Spencer,1610612744,GSW,G,29.0,37,37,1.0,3.38,7.0,0.483,0.466,0.017
1642844,Dylan Harper,1610612759,SAS,G,19.0,48,48,1.0,3.0,6.96,0.431,0.454,-0.023
1631255,Karlo Matković,1610612740,NOP,F-C,24.0,47,47,1.0,3.06,6.94,0.442,0.479,-0.037
1630526,Jeremiah Robinson-Earl,1610612742,DAL,F,25.0,21,21,1.0,4.14,6.86,0.604,0.462,0.142
1631250,Pete Nance,1610612749,MIL,F,26.0,19,19,1.0,3.26,6.84,0.477,0.456,0.02
1630570,Trendon Watford,1610612755,PHI,G-F,25.0,35,35,1.0,3.37,6.83,0.494,0.462,0.032
1629216,Gabe Vincent,1610612737,ATL,G,29.0,33,33,1.0,3.42,6.82,0.502,0.459,0.043
1642382,Branden Carlson,1610612760,OKC,C,26.0,32,32,1.0,3.28,6.81,0.482,0.464,0.018
1631093,Jaden Ivey,1610612741,CHI,G,24.0,37,37,1.0,3.41,6.76,0.504,0.455,0.049
1631321,Sidy Cissoko,1610612757,POR,G,21.0,52,52,1.0,3.33,6.75,0.493,0.464,0.028
1642530,Yuki Kawamura,1610612741,CHI,G,24.0,4,4,1.0,3.5,6.75,0.519,0.45,0.069
1630534,Ochai Agbaji,1610612751,BKN,G,25.0,47,47,1.0,2.89,6.72,0.43,0.455,-0.025
1629018,Gary Trent Jr.,1610612749,MIL,G,27.0,46,46,1.0,3.24,6.7,0.484,0.458,0.026
1630619,Moussa Cisse,1610612742,DAL,C,23.0,30,30,1.0,3.17,6.7,0.473,0.491,-0.019
1631218,Trayce Jackson-Davis,1610612761,TOR,F,26.0,37,37,1.0,2.84,6.7,0.423,0.472,-0.049
1631243,Mouhamed Gueye,1610612737,ATL,F,23.0,58,58,1.0,2.91,6.69,0.436,0.483,-0.048
1631342,Daeqwon Plowden,1610612758,SAC,G-F,27.0,12,12,1.0,3.17,6.67,0.475,0.454,0.021
1627746,Skal Labissiere,1610612764,WAS,F-C,29.0,3,3,1.0,3.33,6.67,0.5,0.438,0.063
1642955,Kadary Richmond,1610612764,WAS,G,24.0,3,3,1.0,2.33,6.67,0.35,0.427,-0.077
1642269,Devin Carter,1610612758,SAC,G,23.0,22,22,1.0,3.77,6.64,0.568,0.457,0.111
1630679,Ethan Thompson,1610612754,IND,G,26.0,20,20,1.0,2.8,6.6,0.424,0.44,-0.016
1642869,Noah Penda,1610612753,ORL,G-F,21.0,38,38,1.0,3.18,6.55,0.486,0.468,0.017
1630175,Cole Anthony,1610612749,MIL,G,25.0,33,33,1.0,3.3,6.55,0.505,0.454,0.05
202691,Klay Thompson,1610612742,DAL,G,36.0,53,53,1.0,2.68,6.55,0.409,0.459,-0.05
1630208,Nick Richards,1610612741,CHI,C,28.0,35,35,1.0,3.66,6.54,0.559,0.495,0.064
1627827,Dorian Finney-Smith,1610612745,HOU,F,32.0,24,24,1.0,3.08,6.5,0.474,0.461,0.013
203903,Jordan Clarkson,1610612752,NYK,G,33.0,51,51,1.0,3.25,6.49,0.502,0.453,0.049
1629750,Javonte Green,1610612765,DET,G,32.0,57,57,1.0,2.93,6.47,0.453,0.473,-0.02
1641747,DaRon Holmes II,1610612743,DEN,F,23.0,16,16,1.0,2.94,6.44,0.456,0.488,-0.032
1630264,Anthony Gill,1610612764,WAS,F,33.0,25,25,1.0,3.0,6.44,0.466,0.471,-0.005
1629006,Josh Okogie,1610612745,HOU,G,27.0,54,54,1.0,3.06,6.44,0.474,0.464,0.011
201587,Nicolas Batum,1610612746,LAC,G-F,37.0,54,54,1.0,3.3,6.43,0.513,0.467,0.046
1642450,Daniss Jenkins,1610612765,DET,G,24.0,46,46,1.0,2.96,6.43,0.459,0.457,0.002
1631126,Caleb Love,1610612757,POR,G,24.0,43,43,1.0,3.12,6.42,0.486,0.458,0.027
1630538,Bones Hyland,1610612750,MIN,G,25.0,49,49,1.0,3.18,6.41,0.497,0.456,0.041
1628467,Maxi Kleber,1610612747,LAL,F,34.0,30,30,1.0,2.93,6.4,0.458,0.472,-0.014
1641772,Nae'Qwan Tomlin,1610612739,CLE,F,25.0,47,47,1.0,2.91,6.36,0.458,0.468,-0.01
1629020,Jarred Vanderbilt,1610612747,LAL,F,26.0,48,48,1.0,2.98,6.35,0.469,0.474,-0.006
1629618,Jalen Pickett,1610612743,DEN,G,26.0,35,35,1.0,2.66,6.34,0.419,0.46,-0.041
1630579,Jericho Sims,1610612749,MIL,C,27.0,41,41,1.0,2.63,6.34,0.415,0.478,-0.063
1642933,Keshon Gilbert,1610612764,WAS,G,22.0,3,3,1.0,3.0,6.33,0.474,0.445,0.029
1630644,Mac McClung,1610612741,CHI,G,27.0,3,3,1.0,3.0,6.33,0.474,0.47,0.004
1631213,Tyrese Martin,1610612755,PHI,F,26.0,38,38,1.0,2.89,6.32,0.458,0.457,0.002
1628997,Caleb Martin,1610612742,DAL,F,30.0,49,49,1.0,2.9,6.27,0.463,0.467,-0.005
1630544,Tre Mann,1610612766,CHA,G,25.0,38,38,1.0,3.66,6.26,0.584,0.464,0.12
1630164,James Wiseman,1610612754,IND,C,24.0,4,4,1.0,3.25,6.25,0.52,0.502,0.018
1642864,Hugo González,1610612738,BOS,G,20.0,53,53,1.0,2.57,6.17,0.416,0.463,-0.047
203078,Bradley Beal,1610612746,LAC,G,32.0,6,6,1.0,3.17,6.17,0.514,0.461,0.053
1628449,Chris Boucher,1610612738,BOS,F,33.0,8,8,1.0,2.5,6.13,0.408,0.478,-0.07
1628418,Thomas Bryant,1610612739,CLE,C-F,28.0,39,39,1.0,3.28,6.1,0.538,0.489,0.049
1631248,Baylor Scheierman,1610612738,BOS,G,25.0,51,51,1.0,2.61,6.06,0.43,0.46,-0.03
1631172,Ousmane Dieng,1610612749,MIL,F,22.0,35,35,1.0,2.46,6.06,0.406,0.452,-0.047
203482,Kelly Olynyk,1610612759,SAS,F-C,34.0,31,31,1.0,2.81,6.06,0.463,0.469,-0.006
1641711,Gradey Dick,1610612761,TOR,G-F,22.0,56,56,1.0,3.0,6.05,0.496,0.452,0.043
203991,Clint Capela,1610612745,HOU,C,31.0,52,52,1.0,2.48,6.04,0.411,0.483,-0.072
1641761,Grant Nelson,1610612751,BKN,F,23.0,1,1,1.0,2.0,6.0,0.333,0.457,-0.124
203552,Seth Curry,1610612744,GSW,G,35.0,2,2,1.0,4.0,6.0,0.667,0.466,0.201
1642860,Will Riley,1610612764,WAS,F,20.0,47,47,1.0,2.79,6.0,0.465,0.457,0.007
1631205,Buddy Boeheim,1610612760,OKC,F,26.0,2,2,1.0,2.0,6.0,0.333,0.45,-0.117
1642396,Blake Hinson,1610612762,UTA,F,26.0,3,3,1.0,3.33,6.0,0.556,0.434,0.121
203914,Gary Harris,1610612749,MIL,G,31.0,39,39,1.0,2.82,5.97,0.472,0.464,0.008
1630536,Sharife Cooper,1610612764,WAS,G,24.0,16,16,1.0,2.63,5.88,0.447,0.438,0.009
1631123,Jamaree Bouyea,1610612756,PHX,G,26.0,32,32,1.0,2.69,5.88,0.457,0.465,-0.007
1642949,Yanic Konan Niederhäuser,1610612746,LAC,C,22.0,31,31,1.0,3.0,5.84,0.514,0.491,0.022
1630224,Jalen Green,1610612756,PHX,G,24.0,12,12,1.0,1.92,5.83,0.329,0.45,-0.122
203484,Kentavious Caldwell-Pope,1610612763,MEM,G,33.0,50,50,1.0,3.14,5.72,0.549,0.462,0.086
1628988,Aaron Holiday,1610612745,HOU,G,29.0,34,34,1.0,2.62,5.71,0.459,0.459,0.0
203486,Mason Plumlee,1610612759,SAS,F-C,35.0,14,14,1.0,3.29,5.71,0.575,0.503,0.072
1641722,Jordan Hawkins,1610612740,NOP,G,23.0,37,37,1.0,2.86,5.68,0.505,0.452,0.053
1628975,Jevon Carter,1610612753,ORL,G,30.0,25,25,1.0,2.56,5.68,0.451,0.444,0.007
1630165,Killian Hayes,1610612758,SAC,G,24.0,3,3,1.0,2.0,5.67,0.353,0.455,-0.102
1642449,Tolu Smith,1610612765,DET,F,25.0,6,6,1.0,2.5,5.67,0.441,0.496,-0.055
1642348,Justin Edwards,1610612755,PHI,F,22.0,37,37,1.0,3.16,5.65,0.56,0.46,0.1
1642962,Drake Powell,1610612751,BKN,G-F,20.0,45,45,1.0,2.64,5.64,0.469,0.467,0.001
1628420,Monte Morris,1610612754,IND,G,30.0,5,5,1.0,2.2,5.6,0.393,0.45,-0.057
1642854,Asa Newell,1610612737,ATL,F,20.0,36,36,1.0,2.53,5.58,0.453,0.471,-0.018
1627780,Gary Payton II,1610612744,GSW,G,33.0,52,52,1.0,2.6,5.48,0.474,0.477,-0.003
1641989,Elijah Harkless,1610612762,UTA,G,26.0,9,9,1.0,3.0,5.44,0.551,0.465,0.086
1641740,Jaylen Clark,1610612750,MIN,G,24.0,53,53,1.0,2.32,5.42,0.429,0.464,-0.036
1628396,Tony Bradley,1610612754,IND,C-F,28.0,32,32,1.0,2.5,5.41,0.462,0.485,-0.022
1641715,Cam Whitmore,1610612764,WAS,F,21.0,21,21,1.0,2.62,5.38,0.487,0.47,0.016
1642905,Yang Hansen,1610612757,POR,C,20.0,34,34,1.0,2.56,5.38,0.475,0.485,-0.01
1631124,Julian Strawther,1610612743,DEN,G,23.0,33,33,1.0,2.7,5.33,0.506,0.461,0.045
1630592,Jalen Wilson,1610612751,BKN,F,25.0,37,37,1.0,2.84,5.32,0.533,0.456,0.077
1631110,Jeremy Sochan,1610612752,NYK,F,22.0,31,31,1.0,2.81,5.26,0.534,0.47,0.064
1628998,Cody Martin,1610612754,IND,F,30.0,4,4,1.0,1.75,5.25,0.333,0.456,-0.123
1629726,Garrison Mathews,1610612754,IND,G,29.0,14,14,1.0,2.5,5.21,0.479,0.448,0.032
204456,T.J. McConnell,1610612754,IND,G,33.0,43,43,1.0,2.47,5.21,0.473,0.46,0.013
1642278,Tyler Kolek,1610612752,NYK,G,24.0,45,45,1.0,2.33,5.2,0.449,0.442,0.007
1626204,Larry Nance Jr.,1610612739,CLE,F-C,33.0,26,26,1.0,2.65,5.19,0.511,0.47,0.041
1629026,Kenrich Williams,1610612760,OKC,G-F,31.0,39,39,1.0,2.79,5.18,0.54,0.466,0.073
1626145,Tyus Jones,1610612742,DAL,G,29.0,56,56,1.0,2.77,5.13,0.54,0.452,0.088
1641733,Nick Smith Jr.,1610612747,LAL,G,21.0,22,22,1.0,2.59,5.09,0.509,0.452,0.057
1630574,Ariel Hukporti,1610612752,NYK,C,23.0,38,38,1.0,2.03,5.08,0.399,0.478,-0.079
101108,Chris Paul,1610612746,LAC,G,40.0,16,16,1.0,2.63,5.06,0.519,0.447,0.072
1642880,Kam Jones,1610612754,IND,G,24.0,20,20,1.0,2.4,5.05,0.475,0.447,0.028
1631207,Dalen Terry,1610612755,PHI,F,23.0,32,32,1.0,2.31,5.03,0.46,0.455,0.005
1631166,Drew Timme,1610612747,LAL,F,25.0,14,14,1.0,2.36,5.0,0.471,0.471,0.001
1641815,Isaiah Stevens,1610612758,SAC,G,25.0,2,2,1.0,4.5,5.0,0.9,0.44,0.46
1642260,Nikola Topić,1610612760,OKC,G,20.0,3,3,1.0,1.67,5.0,0.333,0.455,-0.121
1628964,Mo Bamba,1610612762,UTA,C,27.0,2,2,1.0,2.5,5.0,0.5,0.456,0.044
1630182,Josh Green,1610612766,CHA,G,25.0,36,36,1.0,1.97,4.92,0.401,0.464,-0.063
1627824,Guerschon Yabusele,1610612741,CHI,F,30.0,49,49,1.0,2.49,4.9,0.508,0.48,0.029
1642261,Dalton Knecht,1610612747,LAL,F,24.0,36,36,1.0,2.39,4.89,0.489,0.46,0.028
1630811,Keaton Wallace,1610612737,ATL,G,27.0,37,37,1.0,2.35,4.86,0.483,0.447,0.036
1630702,Jaden Hardy,1610612764,WAS,G,23.0,33,33,1.0,2.3,4.85,0.475,0.456,0.019
1641871,Duop Reath,1610612757,POR,C,29.0,28,28,1.0,1.96,4.82,0.407,0.475,-0.068
1642918,Alijah Martin,1610612761,TOR,G,24.0,10,10,1.0,2.1,4.8,0.438,0.456,-0.019
203967,Dario Saric,1610612758,SAC,F-C,31.0,5,5,1.0,2.6,4.8,0.542,0.458,0.083
1631111,Wendell Moore Jr.,1610612765,DET,G,24.0,5,5,1.0,1.6,4.8,0.333,0.454,-0.121
1643007,Taelon Peter,1610612754,IND,G,24.0,23,23,1.0,2.61,4.78,0.545,0.456,0.089
1629021,Moritz Wagner,1610612753,ORL,F-C,28.0,17,17,1.0,2.47,4.76,0.519,0.477,0.042
1626166,Cameron Payne,1610612755,PHI,G,31.0,4,4,1.0,2.75,4.75,0.579,0.482,0.097
1641725,Trey Alexander,1610612740,NOP,G,22.0,4,4,1.0,2.25,4.75,0.474,0.473,0.001
1642877,Micah Peavy,1610612740,NOP,G-F,24.0,45,45,1.0,2.07,4.73,0.437,0.461,-0.024
1630214,Xavier Tillman,1610612766,CHA,F,27.0,17,17,1.0,2.24,4.71,0.475,0.47,0.005
1642353,Cam Christie,1610612746,LAC,G,20.0,35,35,1.0,1.89,4.71,0.4,0.45,-0.05
1642484,RayJ Dennis,1610612737,ATL,G,24.0,12,12,1.0,2.67,4.67,0.571,0.453,0.119
1641738,Kobe Brown,1610612754,IND,F,26.0,37,37,1.0,2.27,4.65,0.488,0.462,0.027
1641755,Kevin McCullar Jr.,1610612752,NYK,G,24.0,11,11,1.0,2.36,4.64,0.51,0.458,0.052
1642868,Carter Bryant,1610612759,SAS,F,20.0,45,45,1.0,1.87,4.53,0.412,0.452,-0.04
1641712,Rayan Rupert,1610612763,MEM,G-F,21.0,47,47,1.0,2.15,4.49,0.479,0.452,0.027
1642873,Amari Williams,1610612738,BOS,F-C,24.0,11,11,1.0,1.55,4.45,0.347,0.488,-0.141
1641780,Johni Broome,1610612755,PHI,F,23.0,7,7,1.0,2.43,4.43,0.548,0.488,0.06
1631131,Oscar Tshiebwe,1610612762,UTA,F-C,26.0,5,5,1.0,2.6,4.4,0.591,0.472,0.119
203926,Doug McDermott,1610612758,SAC,F,34.0,11,11,1.0,1.73,4.36,0.396,0.436,-0.04
1631133,Jabari Walker,1610612755,PHI,F,23.0,49,49,1.0,2.02,4.35,0.465,0.478,-0.014
1642862,Liam McNeeley,1610612766,CHA,F,20.0,26,26,1.0,2.15,4.31,0.5,0.46,0.04
1642265,Rob Dillingham,1610612741,CHI,G,21.0,40,40,1.0,2.08,4.25,0.488,0.463,0.025
200768,Kyle Lowry,1610612755,PHI,G,39.0,4,4,1.0,1.0,4.25,0.235,0.42,-0.185
1631115,Orlando Robinson,1610612753,ORL,C,25.0,4,4,1.0,3.25,4.25,0.765,0.454,0.31
1642939,Miles Kelly,1610612742,DAL,G,23.0,9,9,1.0,2.44,4.22,0.579,0.455,0.124
1631204,Marcus Sasser,1610612765,DET,G,25.0,14,14,1.0,1.93,4.21,0.458,0.447,0.01
1631288,Jamal Cain,1610612753,ORL,F,26.0,16,16,1.0,1.88,4.19,0.448,0.45,-0.002
1630587,Isaiah Livers,1610612756,PHX,F,27.0,31,31,1.0,1.9,4.16,0.457,0.458,-0.001
1642866,Joan Beringer,1610612750,MIN,F,19.0,27,27,1.0,1.89,4.15,0.455,0.487,-0.031
1626192,Pat Connaughton,1610612766,CHA,G,33.0,22,22,1.0,1.91,4.14,0.462,0.459,0.003
1642878,Tyrese Proctor,1610612739,CLE,G,21.0,36,36,1.0,1.75,4.11,0.426,0.455,-0.029
1631159,Leonard Miller,1610612741,CHI,F,22.0,16,16,1.0,2.13,4.06,0.523,0.443,0.08
1630256,Jae'Sean Tate,1610612745,HOU,F,30.0,28,28,1.0,1.75,4.04,0.434,0.458,-0.024
1631104,Blake Wesley,1610612757,POR,G,22.0,15,15,1.0,2.2,4.0,0.55,0.46,0.09
1642884,Vladislav Goldin,1610612748,MIA,C,24.0,1,1,1.0,1.0,4.0,0.25,0.428,-0.178
1628371,Jonathan Isaac,1610612753,ORL,F,28.0,43,43,1.0,1.63,3.98,0.409,0.473,-0.064
1642859,Jase Richardson,1610612753,ORL,G,20.0,37,37,1.0,1.89,3.95,0.479,0.458,0.021
1642352,Keshad Johnson,1610612748,MIA,F,24.0,16,16,1.0,1.44,3.94,0.365,0.467,-0.102
1629599,Amir Coffey,1610612756,PHX,G-F,28.0,30,30,1.0,1.67,3.93,0.424,0.459,-0.035
1642066,Myron Gardner,1610612748,MIA,F,24.0,25,25,1.0,1.72,3.88,0.443,0.463,-0.019
1642357,David Jones Garcia,1610612759,SAS,G,24.0,8,8,1.0,1.75,3.88,0.452,0.437,0.015
201569,Eric Gordon,1610612755,PHI,G,37.0,6,6,1.0,1.33,3.83,0.348,0.427,-0.079
1641763,Julian Phillips,1610612750,MIN,F,22.0,31,31,1.0,1.61,3.81,0.424,0.447,-0.023
1631103,Malaki Branham,1610612764,WAS,F,22.0,25,25,1.0,1.72,3.8,0.453,0.461,-0.008
1630545,Terrence Shannon Jr.,1610612750,MIN,G-F,25.0,25,25,1.0,1.84,3.72,0.495,0.473,0.022
1642367,Jonathan Mogbo,1610612761,TOR,F,24.0,17,17,1.0,1.71,3.71,0.46,0.473,-0.012
1631120,JD Davison,1610612745,HOU,G,23.0,20,20,1.0,1.55,3.7,0.419,0.456,-0.038
1631199,Ron Harper Jr.,1610612738,BOS,G-F,25.0,13,13,1.0,1.31,3.69,0.354,0.442,-0.088
1642964,Brooks Barnhizer,1610612760,OKC,G,23.0,27,27,1.0,1.74,3.67,0.475,0.449,0.026
1641724,Jett Howard,1610612753,ORL,G,22.0,34,34,1.0,1.85,3.62,0.512,0.459,0.053
1642853,Rasheer Fleming,1610612756,PHX,F,21.0,28,28,1.0,1.46,3.57,0.41,0.442,-0.032
1641998,Trey Jemison III,1610612752,NYK,C,26.0,7,7,1.0,2.0,3.57,0.56,0.473,0.087
1629634,Brandon Clarke,1610612763,MEM,F,29.0,2,2,1.0,1.5,3.5,0.429,0.493,-0.064
1629646,Charles Bassey,1610612755,PHI,C-F,25.0,3,3,1.0,1.67,3.33,0.5,0.514,-0.014
1641809,Drew Peterson,1610612766,CHA,F,26.0,6,6,1.0,1.33,3.33,0.4,0.466,-0.066
1642358,AJ Johnson,1610612742,DAL,G,21.0,27,27,1.0,1.59,3.33,0.478,0.442,0.036
1642384,Isaiah Crawford,1610612745,HOU,F,24.0,3,3,1.0,0.33,3.33,0.1,0.384,-0.284
202687,Bismack Biyombo,1610612759,SAS,C,33.0,13,13,1.0,1.77,3.23,0.548,0.47,0.078
1642419,Jamison Battle,1610612761,TOR,F,24.0,35,35,1.0,1.46,3.2,0.455,0.454,0.001
1642885,Mohamed Diawara,1610612752,NYK,F,20.0,41,41,1.0,1.54,3.2,0.481,0.451,0.03
1641723,Kobe Bufkin,1610612747,LAL,G,22.0,5,5,1.0,1.6,3.2,0.5,0.445,0.055
1642863,Khaman Maluach,1610612756,PHX,C,19.0,24,24,1.0,1.42,3.17,0.447,0.49,-0.043
1641752,Bobi Klintman,1610612765,DET,F,22.0,8,8,1.0,1.5,3.13,0.48,0.449,0.031
1641816,Hunter Tyson,1610612743,DEN,F,25.0,20,20,1.0,1.3,3.1,0.419,0.471,-0.052
1642950,Lachlan Olbrich,1610612741,CHI,C,22.0,15,15,1.0,1.73,3.07,0.565,0.491,0.074
1642935,Chucky Hepburn,1610612761,TOR,G,23.0,2,2,1.0,2.0,3.0,0.667,0.446,0.22
1642282,Hunter Sallis,1610612755,PHI,G,22.0,4,4,1.0,1.25,3.0,0.417,0.451,-0.034
1642355,Bronny James,1610612747,LAL,G,21.0,24,24,1.0,1.58,3.0,0.528,0.46,0.068
1641748,Andre Jackson Jr.,1610612749,MIL,G,24.0,23,23,1.0,1.35,3.0,0.449,0.465,-0.015
1629680,Matisse Thybulle,1610612757,POR,G-F,28.0,8,8,1.0,1.38,3.0,0.458,0.461,-0.003
1642402,Enrique Freeman,1610612750,MIN,F,25.0,2,2,1.0,1.5,3.0,0.5,0.357,0.143
1631247,Luke Travers,1610612739,CLE,F,24.0,11,11,1.0,1.45,3.0,0.485,0.461,0.024
1642886,Koby Brea,1610612756,PHX,G,23.0,4,4,1.0,1.25,3.0,0.417,0.452,-0.035
1631102,TyTy Washington Jr.,1610612746,LAC,G,24.0,4,4,1.0,1.75,3.0,0.583,0.468,0.116
1641753,Chris Livingston,1610612739,CLE,F,22.0,1,1,1.0,2.0,3.0,0.667,0.45,0.217
1642959,Chris Youngblood,1610612760,OKC,G,24.0,21,21,1.0,1.33,2.95,0.452,0.446,0.005
1642404,Chaz Lanier,1610612765,DET,G,24.0,12,12,1.0,0.75,2.92,0.257,0.459,-0.202
1630639,A.J. Lawson,1610612761,TOR,G,25.0,11,11,1.0,1.27,2.91,0.438,0.459,-0.021
1628502,Nigel Hayes-Davis,1610612756,PHX,F,31.0,18,18,1.0,1.39,2.89,0.481,0.471,0.01
1629162,Jordan McLaughlin,1610612759,SAS,G,29.0,22,22,1.0,1.68,2.86,0.587,0.444,0.144
201145,Jeff Green,1610612745,HOU,F,39.0,16,16,1.0,1.06,2.81,0.378,0.417,-0.04
1631116,Patrick Baldwin Jr.,1610612758,SAC,F,23.0,4,4,1.0,2.0,2.75,0.727,0.447,0.28
1642876,Adou Thiero,1610612747,LAL,G,21.0,15,15,1.0,1.73,2.73,0.634,0.455,0.179
1642368,N'Faly Dante,1610612737,ATL,C,24.0,3,3,1.0,0.33,2.67,0.125,0.455,-0.33
1630322,Lindy Waters III,1610612759,SAS,F,28.0,24,24,1.0,1.17,2.5,0.467,0.455,0.012
1643024,Chris Mañon,1610612747,LAL,G,24.0,4,4,1.0,1.5,2.5,0.6,0.454,0.146
1642910,John Tonje,1610612738,BOS,G,24.0,2,2,1.0,2.0,2.5,0.8,0.432,0.368
1641810,Antonio Reeves,1610612766,CHA,G,25.0,7,7,1.0,1.14,2.43,0.471,0.447,0.024
1630623,Tyson Etienne,1610612751,BKN,G,26.0,5,5,1.0,0.6,2.4,0.25,0.348,-0.098
1643141,Jahmyl Telfort,1610612746,LAC,G,24.0,3,3,1.0,0.67,2.33,0.286,0.436,-0.15
1642443,Jahmir Young,1610612748,MIA,G,25.0,6,6,1.0,1.33,2.33,0.571,0.43,0.142
1642403,Isaac Jones,1610612765,DET,F,25.0,3,3,1.0,1.33,2.33,0.571,0.456,0.115
1631451,Javonte Cooke,1610612757,POR,G,26.0,16,16,1.0,1.31,2.31,0.568,0.45,0.118
1642938,Curtis Jones,1610612743,DEN,G,24.0,5,5,1.0,0.6,2.2,0.273,0.444,-0.171
1641801,Emanuel Miller,1610612759,SAS,F,25.0,5,5,1.0,1.4,2.2,0.636,0.453,0.183
1641813,Mark Sears,1610612749,MIL,G,24.0,5,5,1.0,0.8,2.0,0.4,0.413,-0.013
1630548,Johnny Juzang,1610612750,MIN,G,24.0,16,16,1.0,0.81,2.0,0.406,0.441,-0.034
1642502,Malevy Leons,1610612744,GSW,F,26.0,6,6,1.0,1.5,2.0,0.75,0.481,0.269
1641787,Tosan Evbuomwan,1610612766,CHA,F,25.0,2,2,1.0,0.5,2.0,0.25,0.44,-0.19
1642911,Rocco Zikarsky,1610612750,MIN,C,19.0,1,1,1.0,1.0,2.0,0.5,0.47,0.03
204060,Joe Ingles,1610612750,MIN,F-G,38.0,10,10,1.0,1.0,1.9,0.526,0.455,0.071
1630604,E.J. Liddell,1610612751,BKN,F,25.0,8,8,1.0,0.75,1.88,0.4,0.491,-0.091
1642359,Pacôme Dadiet,1610612752,NYK,F,20.0,12,12,1.0,0.75,1.67,0.45,0.467,-0.017
1630625,Dalano Banton,1610612738,BOS,F,26.0,3,3,1.0,0.67,1.67,0.4,0.427,-0.027
1642434,Riley Minix,1610612739,CLE,F,25.0,3,3,1.0,0.67,1.67,0.4,0.438,-0.038
202066,Garrett Temple,1610612761,TOR,G-F,39.0,8,8,1.0,0.38,1.63,0.231,0.423,-0.193
1631216,Caleb Houstan,1610612737,ATL,G,23.0,5,5,1.0,1.4,1.6,0.875,0.476,0.4
1641794,Dillon Jones,1610612752,NYK,F,24.0,5,5,1.0,0.6,1.6,0.375,0.309,0.066
203648,Thanasis Antetokounmpo,1610612749,MIL,F,33.0,12,12,1.0,0.67,1.42,0.471,0.495,-0.024
1642400,Tristan Enaruna,1610612739,CLE,F,24.0,3,3,1.0,1.0,1.33,0.75,0.405,0.345
1631127,Harrison Ingram,1610612759,SAS,F,23.0,4,4,1.0,0.75,1.25,0.6,0.428,0.172
1642280,Trentyn Flowers,1610612741,CHI,F,20.0,2,2,1.0,0.5,1.0,0.5,0.459,0.041
1641732,Colby Jones,1610612765,DET,G,23.0,1,1,1.0,1.0,1.0,1.0,0.497,0.503
1642917,Max Shulga,1610612738,BOS,G,23.0,1,1,1.0,0.0,1.0,0.0,0.459,-0.459
1631210,Jacob Toppin,1610612737,ATL,F,25.0,2,2,1.0,0.0,1.0,0.0,0.425,-0.425
1631211,Trevor Keels,1610612748,MIA,G,22.0,1,1,1.0,0.0,1.0,0.0,0.392,-0.392
1643018,LJ Cryer,1610612744,GSW,G,24.0,1,1,1.0,1.0,1.0,1.0,0.375,0.625
1642468,Darius Brown,1610612739,CLE,G,26.0,1,1,1.0,1.0,1.0,1.0,0.425,0.575
1630649,Stanley Umude,1610612759,SAS,G,26.0,1,1,1.0,1.0,1.0,1.0,0.415,0.585
